col1,col2
<Response [200]>,200
<Response [400]>,400
<Response [200]>,200
<Response [400]>,400
<Response [400]>,400
<Response [404]>,404
<Response [400]>,400
<Response [400]>,400
<Response [200]>,200
<Response [404]>,404
<Response [400]>,400
<Response [400]>,400
<Response [200]>,200
<Response [404]>,404
<Response [400]>,400
<Response [404]>,404
<Response [404]>,404
<Response [200]>,200
<Response [200]>,200
<Response [404]>,404
<Response [400]>,400
<Response [400]>,400
<Response [404]>,404
<Response [400]>,400
<Response [200]>,200
<Response [200]>,200
<Response [400]>,400
<Response [400]>,400
<Response [400]>,400
<Response [200]>,200
<Response [200]>,200
<Response [200]>,200
<Response [400]>,400
<Response [200]>,200
<Response [404]>,404
<Response [200]>,200
<Response [200]>,200
<Response [200]>,200
<Response [200]>,200
<Response [200]>,200
<Response [200]>,200
<Response [200]>,200
<Response [200]>,200
<Response [200]>,200
<Response [200]>,200
<Response [200]>,200
<Response [200]>,200
<Response [200]>,200
<Response [200]>,200
<Response [200]>,200
<Response [404]>,404
<Response [200]>,200
<Response [200]>,200
<Response [200]>,200
<Response [200]>,200
<Response [400]>,400
<Response [404]>,404
<Response [400]>,400
<Response [404]>,404
<Response [200]>,200
<Response [400]>,400
<Response [400]>,400
<Response [200]>,200
<Response [404]>,404
<Response [400]>,400
<Response [200]>,200
<Response [200]>,200
<Response [200]>,200
<Response [200]>,200
<Response [400]>,400
<Response [200]>,200
<Response [404]>,404
<Response [503]>,503
<Response [200]>,200
<Response [200]>,200
<Response [404]>,404
<Response [200]>,200
<Response [200]>,200
<Response [400]>,400
<Response [403]>,403
<Response [200]>,200
<Response [200]>,200
<Response [404]>,404
<Response [400]>,400
<Response [400]>,400
<Response [200]>,200
<Response [200]>,200
<Response [404]>,404
<Response [400]>,400
<Response [404]>,404
<Response [200]>,200
<Response [404]>,404
<Response [200]>,200
<Response [200]>,200
<Response [200]>,200
<Response [400]>,400
<Response [404]>,404
<Response [404]>,404
<Response [404]>,404
<Response [404]>,404
<Response [404]>,404
<Response [404]>,404
<Response [404]>,404
<Response [400]>,400
<Response [200]>,200
<Response [200]>,200
<Response [400]>,400
<Response [400]>,400
<Response [404]>,404
<Response [404]>,404
<Response [404]>,404
<Response [404]>,404
<Response [404]>,404
<Response [200]>,200
<Response [200]>,200
<Response [200]>,200
<Response [400]>,400
<Response [200]>,200
<Response [400]>,400
<Response [404]>,404
<Response [200]>,200
<Response [404]>,404
<Response [200]>,200
<Response [200]>,200
<Response [400]>,400
<Response [200]>,200
<Response [404]>,404
<Response [404]>,404
<Response [200]>,200
<Response [200]>,200
<Response [404]>,404
<Response [404]>,404
<Response [400]>,400
<Response [400]>,400
<Response [503]>,503
<Response [400]>,400
<Response [400]>,400
<Response [400]>,400
<Response [404]>,404
<Response [200]>,200
<Response [200]>,200
<Response [200]>,200
<Response [400]>,400
<Response [400]>,400
<Response [200]>,200
<Response [200]>,200
<Response [400]>,400
<Response [200]>,200
<Response [200]>,200
<Response [200]>,200
<Response [400]>,400
<Response [200]>,200
<Response [404]>,404
<Response [200]>,200
<Response [200]>,200
<Response [404]>,404
<Response [404]>,404
<Response [400]>,400
<Response [400]>,400
<Response [400]>,400
<Response [404]>,404
<Response [404]>,404
<Response [404]>,404
<Response [200]>,200
<Response [400]>,400
<Response [400]>,400
<Response [400]>,400
<Response [400]>,400
<Response [200]>,200
<Response [404]>,404
<Response [404]>,404
<Response [404]>,404
<Response [400]>,400
<Response [400]>,400
<Response [404]>,404
<Response [400]>,400
<Response [400]>,400
<Response [400]>,400
<Response [404]>,404
<Response [404]>,404
<Response [404]>,404
<Response [200]>,200
<Response [404]>,404
<Response [404]>,404
<Response [404]>,404
<Response [400]>,400
<Response [200]>,200
<Response [400]>,400
<Response [400]>,400
<Response [400]>,400
<Response [400]>,400
<Response [400]>,400
<Response [404]>,404
<Response [404]>,404
<Response [400]>,400
<Response [400]>,400
<Response [404]>,404
<Response [404]>,404
<Response [400]>,400
<Response [404]>,404
<Response [404]>,404
<Response [404]>,404
<Response [404]>,404
<Response [404]>,404
<Response [200]>,200
<Response [400]>,400
<Response [400]>,400
<Response [200]>,200
<Response [404]>,404
<Response [400]>,400
<Response [200]>,200
<Response [400]>,400
<Response [404]>,404
<Response [404]>,404
<Response [404]>,404
<Response [404]>,404
<Response [404]>,404
<Response [404]>,404
<Response [404]>,404
<Response [404]>,404
<Response [404]>,404
<Response [404]>,404
<Response [404]>,404
<Response [404]>,404
<Response [404]>,404
<Response [404]>,404
<Response [404]>,404
<Response [404]>,404
<Response [404]>,404
<Response [404]>,404
<Response [404]>,404
<Response [404]>,404
<Response [404]>,404
<Response [404]>,404
<Response [400]>,400
<Response [404]>,404
<Response [404]>,404
<Response [400]>,400
<Response [404]>,404
<Response [404]>,404
<Response [400]>,400
<Response [400]>,400
<Response [400]>,400
<Response [404]>,404
<Response [200]>,200
<Response [200]>,200
<Response [400]>,400
<Response [404]>,404
<Response [200]>,200
<Response [200]>,200
<Response [200]>,200
<Response [200]>,200
<Response [400]>,400
<Response [400]>,400
<Response [400]>,400
<Response [400]>,400
<Response [400]>,400
<Response [400]>,400
<Response [400]>,400
<Response [404]>,404
<Response [404]>,404
<Response [200]>,200
<Response [404]>,404
<Response [400]>,400
<Response [404]>,404
<Response [400]>,400
<Response [400]>,400
<Response [200]>,200
<Response [200]>,200
<Response [404]>,404
<Response [404]>,404
<Response [404]>,404
<Response [404]>,404
<Response [200]>,200
<Response [200]>,200
<Response [400]>,400
<Response [400]>,400
<Response [200]>,200
<Response [404]>,404
<Response [200]>,200
<Response [404]>,404
<Response [404]>,404
<Response [404]>,404
<Response [404]>,404
<Response [400]>,400
<Response [200]>,200
<Response [404]>,404
<Response [400]>,400
<Response [404]>,404
<Response [400]>,400
<Response [400]>,400
<Response [200]>,200
<Response [200]>,200
<Response [404]>,404
<Response [200]>,200
<Response [404]>,404
<Response [200]>,200
<Response [404]>,404
<Response [400]>,400
<Response [404]>,404
<Response [404]>,404
<Response [404]>,404
<Response [404]>,404
<Response [404]>,404
<Response [404]>,404
<Response [404]>,404
<Response [400]>,400
<Response [400]>,400
<Response [400]>,400
<Response [404]>,404
<Response [200]>,200
<Response [200]>,200
<Response [200]>,200
<Response [200]>,200
<Response [400]>,400
<Response [404]>,404
<Response [404]>,404
<Response [400]>,400
<Response [400]>,400
<Response [400]>,400
<Response [404]>,404
<Response [404]>,404
<Response [404]>,404
<Response [404]>,404
<Response [404]>,404
<Response [404]>,404
<Response [400]>,400
<Response [200]>,200
<Response [200]>,200
<Response [200]>,200
<Response [400]>,400
<Response [200]>,200
<Response [403]>,403
<Response [404]>,404
<Response [400]>,400
<Response [400]>,400
<Response [200]>,200
<Response [200]>,200
<Response [400]>,400
<Response [200]>,200
<Response [200]>,200
<Response [400]>,400
<Response [400]>,400
<Response [400]>,400
<Response [400]>,400
<Response [404]>,404
<Response [405]>,405
<Response [404]>,404
<Response [200]>,200
<Response [400]>,400
<Response [404]>,404
<Response [404]>,404
<Response [404]>,404
<Response [404]>,404
<Response [404]>,404
<Response [404]>,404
<Response [400]>,400
<Response [200]>,200
<Response [200]>,200
<Response [404]>,404
<Response [200]>,200
<Response [404]>,404
<Response [404]>,404
<Response [404]>,404
<Response [404]>,404
<Response [400]>,400
<Response [400]>,400
<Response [400]>,400
<Response [400]>,400
<Response [400]>,400
<Response [400]>,400
<Response [400]>,400
<Response [400]>,400
<Response [200]>,200
<Response [200]>,200
<Response [404]>,404
<Response [404]>,404
<Response [200]>,200
<Response [404]>,404
<Response [200]>,200
<Response [404]>,404
<Response [404]>,404
<Response [404]>,404
<Response [404]>,404
<Response [404]>,404
<Response [400]>,400
<Response [404]>,404
<Response [404]>,404
<Response [404]>,404
<Response [200]>,200
<Response [404]>,404
<Response [400]>,400
<Response [400]>,400
<Response [200]>,200
<Response [404]>,404
<Response [200]>,200
<Response [404]>,404
<Response [200]>,200
<Response [404]>,404
<Response [404]>,404
<Response [400]>,400
<Response [400]>,400
<Response [404]>,404
<Response [404]>,404
<Response [404]>,404
<Response [404]>,404
<Response [404]>,404
<Response [404]>,404
<Response [404]>,404
<Response [404]>,404
<Response [404]>,404
<Response [404]>,404
<Response [404]>,404
<Response [404]>,404
<Response [200]>,200
<Response [200]>,200
<Response [404]>,404
<Response [404]>,404
<Response [200]>,200
<Response [404]>,404
<Response [404]>,404
<Response [403]>,403
<Response [404]>,404
<Response [404]>,404
<Response [404]>,404
<Response [404]>,404
<Response [404]>,404
<Response [404]>,404
<Response [404]>,404
<Response [404]>,404
<Response [200]>,200
<Response [404]>,404
<Response [400]>,400
<Response [404]>,404
<Response [400]>,400
<Response [200]>,200
<Response [404]>,404
<Response [404]>,404
<Response [404]>,404
<Response [200]>,200
<Response [404]>,404
<Response [400]>,400
<Response [404]>,404
<Response [404]>,404
<Response [404]>,404
<Response [404]>,404
<Response [200]>,200
<Response [404]>,404
<Response [400]>,400
<Response [404]>,404
<Response [404]>,404
<Response [404]>,404
<Response [200]>,200
<Response [404]>,404
<Response [200]>,200
<Response [200]>,200
<Response [404]>,404
<Response [404]>,404
<Response [404]>,404
<Response [404]>,404
<Response [400]>,400
<Response [200]>,200
<Response [404]>,404
<Response [404]>,404
<Response [404]>,404
<Response [404]>,404
<Response [404]>,404
<Response [403]>,403
<Response [403]>,403
<Response [404]>,404
<Response [404]>,404
<Response [404]>,404
<Response [404]>,404
<Response [404]>,404
<Response [404]>,404
<Response [404]>,404
<Response [404]>,404
<Response [404]>,404
<Response [200]>,200
<Response [404]>,404
<Response [404]>,404
<Response [200]>,200
<Response [400]>,400
<Response [200]>,200
<Response [200]>,200
<Response [404]>,404
<Response [404]>,404
<Response [404]>,404
<Response [200]>,200
<Response [404]>,404
<Response [404]>,404
<Response [404]>,404
<Response [200]>,200
<Response [404]>,404
<Response [404]>,404
<Response [404]>,404
<Response [404]>,404
<Response [404]>,404
<Response [404]>,404
<Response [404]>,404
<Response [404]>,404
<Response [404]>,404
<Response [404]>,404
<Response [404]>,404
<Response [400]>,400
<Response [400]>,400
<Response [404]>,404
<Response [404]>,404
<Response [404]>,404
<Response [404]>,404
<Response [404]>,404
<Response [400]>,400
<Response [200]>,200
<Response [200]>,200
<Response [400]>,400
<Response [200]>,200
<Response [404]>,404
<Response [404]>,404
<Response [404]>,404
<Response [404]>,404
<Response [404]>,404
<Response [200]>,200
<Response [404]>,404
<Response [403]>,403
<Response [404]>,404
<Response [200]>,200
<Response [200]>,200
<Response [200]>,200
<Response [404]>,404
<Response [200]>,200
<Response [404]>,404
<Response [404]>,404
<Response [404]>,404
<Response [404]>,404
<Response [404]>,404
<Response [404]>,404
<Response [200]>,200
<Response [200]>,200
<Response [403]>,403
<Response [200]>,200
<Response [200]>,200
<Response [200]>,200
<Response [200]>,200
<Response [200]>,200
<Response [404]>,404
<Response [200]>,200
<Response [404]>,404
<Response [404]>,404
<Response [404]>,404
<Response [200]>,200
<Response [404]>,404
<Response [404]>,404
<Response [404]>,404
<Response [200]>,200
<Response [200]>,200
<Response [200]>,200
<Response [200]>,200
<Response [200]>,200
<Response [404]>,404
<Response [400]>,400
<Response [404]>,404
<Response [404]>,404
<Response [404]>,404
<Response [200]>,200
<Response [200]>,200
<Response [404]>,404
<Response [404]>,404
<Response [200]>,200
<Response [200]>,200
<Response [200]>,200
<Response [404]>,404
<Response [404]>,404
<Response [404]>,404
<Response [404]>,404
<Response [200]>,200
<Response [200]>,200
<Response [404]>,404
<Response [400]>,400
<Response [400]>,400
<Response [400]>,400
<Response [400]>,400
<Response [400]>,400
<Response [400]>,400
<Response [500]>,500
<Response [400]>,400
<Response [404]>,404
<Response [400]>,400
<Response [200]>,200
<Response [404]>,404
<Response [404]>,404
<Response [200]>,200
<Response [200]>,200
<Response [404]>,404
<Response [200]>,200
<Response [404]>,404
<Response [404]>,404
<Response [200]>,200
<Response [200]>,200
<Response [200]>,200
<Response [404]>,404
<Response [404]>,404
<Response [404]>,404
<Response [200]>,200
<Response [200]>,200
<Response [404]>,404
<Response [200]>,200
<Response [404]>,404
<Response [400]>,400
<Response [200]>,200
<Response [200]>,200
<Response [404]>,404
<Response [200]>,200
<Response [403]>,403
<Response [404]>,404
<Response [404]>,404
<Response [404]>,404
<Response [404]>,404
<Response [404]>,404
<Response [404]>,404
<Response [404]>,404
<Response [404]>,404
<Response [200]>,200
<Response [404]>,404
<Response [404]>,404
<Response [404]>,404
<Response [400]>,400
<Response [400]>,400
<Response [404]>,404
<Response [403]>,403
<Response [404]>,404
<Response [404]>,404
<Response [400]>,400
<Response [404]>,404
<Response [404]>,404
<Response [404]>,404
<Response [404]>,404
<Response [404]>,404
<Response [404]>,404
<Response [404]>,404
<Response [404]>,404
<Response [404]>,404
<Response [404]>,404
<Response [404]>,404
<Response [404]>,404
<Response [404]>,404
<Response [404]>,404
<Response [404]>,404
<Response [404]>,404
<Response [200]>,200
<Response [404]>,404
<Response [200]>,200
<Response [404]>,404
<Response [200]>,200
<Response [404]>,404
<Response [404]>,404
<Response [404]>,404
<Response [404]>,404
<Response [404]>,404
<Response [200]>,200
<Response [404]>,404
<Response [404]>,404
<Response [500]>,500
<Response [403]>,403
<Response [200]>,200
<Response [200]>,200
<Response [404]>,404
<Response [403]>,403
<Response [404]>,404
<Response [403]>,403
<Response [404]>,404
<Response [404]>,404
<Response [400]>,400
<Response [404]>,404
<Response [404]>,404
<Response [404]>,404
<Response [200]>,200
<Response [403]>,403
<Response [200]>,200
<Response [404]>,404
<Response [404]>,404
<Response [404]>,404
<Response [404]>,404
<Response [404]>,404
<Response [200]>,200
<Response [404]>,404
<Response [200]>,200
<Response [404]>,404
<Response [404]>,404
<Response [404]>,404
<Response [404]>,404
<Response [404]>,404
<Response [404]>,404
<Response [404]>,404
<Response [404]>,404
<Response [404]>,404
<Response [404]>,404
<Response [400]>,400
<Response [404]>,404
<Response [404]>,404
<Response [404]>,404
<Response [404]>,404
<Response [400]>,400
<Response [404]>,404
<Response [404]>,404
<Response [200]>,200
<Response [404]>,404
<Response [404]>,404
<Response [200]>,200
<Response [200]>,200
<Response [404]>,404
<Response [404]>,404
<Response [200]>,200
<Response [404]>,404
<Response [404]>,404
<Response [404]>,404
<Response [200]>,200
<Response [403]>,403
<Response [200]>,200
<Response [200]>,200
<Response [200]>,200
<Response [200]>,200
<Response [404]>,404
<Response [404]>,404
<Response [404]>,404
<Response [200]>,200
<Response [404]>,404
<Response [200]>,200
<Response [404]>,404
<Response [200]>,200
<Response [200]>,200
<Response [404]>,404
<Response [404]>,404
<Response [400]>,400
<Response [404]>,404
<Response [200]>,200
<Response [200]>,200
<Response [200]>,200
<Response [404]>,404
<Response [404]>,404
<Response [404]>,404
<Response [200]>,200
<Response [200]>,200
<Response [404]>,404
<Response [404]>,404
<Response [404]>,404
<Response [404]>,404
<Response [404]>,404
<Response [400]>,400
<Response [400]>,400
<Response [404]>,404
<Response [400]>,400
<Response [200]>,200
<Response [404]>,404
<Response [404]>,404
<Response [200]>,200
<Response [400]>,400
<Response [404]>,404
<Response [404]>,404
<Response [200]>,200
<Response [404]>,404
<Response [404]>,404
<Response [400]>,400
<Response [404]>,404
<Response [404]>,404
<Response [404]>,404
<Response [404]>,404
<Response [200]>,200
<Response [200]>,200
<Response [200]>,200
<Response [404]>,404
<Response [200]>,200
<Response [404]>,404
<Response [404]>,404
<Response [404]>,404
<Response [404]>,404
<Response [200]>,200
<Response [404]>,404
<Response [200]>,200
<Response [200]>,200
<Response [200]>,200
<Response [200]>,200
<Response [200]>,200
<Response [200]>,200
<Response [404]>,404
<Response [500]>,500
<Response [200]>,200
<Response [404]>,404
<Response [404]>,404
<Response [400]>,400
<Response [400]>,400
<Response [404]>,404
<Response [200]>,200
<Response [404]>,404
<Response [404]>,404
<Response [200]>,200
<Response [200]>,200
<Response [200]>,200
<Response [404]>,404
<Response [404]>,404
<Response [200]>,200
<Response [404]>,404
<Response [404]>,404
<Response [400]>,400
<Response [200]>,200
<Response [400]>,400
<Response [200]>,200
<Response [404]>,404
<Response [404]>,404
<Response [404]>,404
<Response [404]>,404
<Response [200]>,200
<Response [404]>,404
<Response [404]>,404
<Response [200]>,200
<Response [404]>,404
<Response [400]>,400
<Response [200]>,200
<Response [404]>,404
<Response [200]>,200
<Response [404]>,404
<Response [404]>,404
<Response [200]>,200
<Response [403]>,403
<Response [200]>,200
<Response [200]>,200
<Response [404]>,404
<Response [404]>,404
<Response [404]>,404
<Response [200]>,200
<Response [404]>,404
<Response [404]>,404
<Response [200]>,200
<Response [404]>,404
<Response [404]>,404
<Response [404]>,404
<Response [200]>,200
<Response [200]>,200
<Response [404]>,404
<Response [200]>,200
<Response [403]>,403
<Response [404]>,404
<Response [404]>,404
<Response [400]>,400
<Response [404]>,404
<Response [404]>,404
<Response [403]>,403
<Response [404]>,404
<Response [200]>,200
<Response [404]>,404
<Response [404]>,404
<Response [200]>,200
<Response [200]>,200
<Response [404]>,404
<Response [404]>,404
<Response [404]>,404
<Response [200]>,200
<Response [400]>,400
<Response [404]>,404
<Response [404]>,404
<Response [200]>,200
<Response [400]>,400
<Response [200]>,200
<Response [404]>,404
<Response [200]>,200
<Response [400]>,400
<Response [404]>,404
<Response [404]>,404
<Response [404]>,404
<Response [200]>,200
<Response [200]>,200
<Response [404]>,404
<Response [404]>,404
<Response [200]>,200
<Response [200]>,200
<Response [200]>,200
<Response [404]>,404
<Response [404]>,404
<Response [404]>,404
<Response [404]>,404
<Response [404]>,404
<Response [200]>,200
<Response [404]>,404
<Response [200]>,200
<Response [404]>,404
<Response [200]>,200
<Response [200]>,200
<Response [200]>,200
<Response [404]>,404
<Response [404]>,404
<Response [200]>,200
<Response [400]>,400
<Response [403]>,403
<Response [404]>,404
<Response [403]>,403
<Response [404]>,404
<Response [404]>,404
<Response [404]>,404
<Response [404]>,404
<Response [404]>,404
<Response [403]>,403
<Response [200]>,200
<Response [200]>,200
<Response [200]>,200
<Response [404]>,404
<Response [200]>,200
<Response [200]>,200
<Response [200]>,200
<Response [400]>,400
<Response [400]>,400
<Response [404]>,404
<Response [404]>,404
<Response [400]>,400
<Response [400]>,400
<Response [404]>,404
<Response [404]>,404
<Response [404]>,404
<Response [404]>,404
<Response [404]>,404
<Response [404]>,404
<Response [200]>,200
<Response [200]>,200
<Response [404]>,404
<Response [200]>,200
<Response [404]>,404
<Response [200]>,200
<Response [403]>,403
<Response [200]>,200
<Response [400]>,400
<Response [200]>,200
<Response [404]>,404
<Response [404]>,404
<Response [404]>,404
<Response [404]>,404
<Response [404]>,404
<Response [404]>,404
<Response [404]>,404
<Response [200]>,200
<Response [400]>,400
<Response [404]>,404
<Response [200]>,200
<Response [400]>,400
<Response [404]>,404
<Response [404]>,404
<Response [404]>,404
<Response [200]>,200
<Response [404]>,404
<Response [200]>,200
<Response [404]>,404
<Response [404]>,404
<Response [404]>,404
<Response [200]>,200
<Response [404]>,404
<Response [404]>,404
<Response [404]>,404
<Response [404]>,404
<Response [404]>,404
<Response [403]>,403
<Response [200]>,200
<Response [404]>,404
<Response [404]>,404
<Response [400]>,400
<Response [403]>,403
<Response [403]>,403
<Response [200]>,200
<Response [400]>,400
<Response [404]>,404
<Response [404]>,404
<Response [404]>,404
<Response [404]>,404
<Response [404]>,404
<Response [200]>,200
<Response [404]>,404
<Response [400]>,400
<Response [404]>,404
<Response [200]>,200
<Response [404]>,404
<Response [200]>,200
<Response [400]>,400
<Response [404]>,404
<Response [200]>,200
<Response [404]>,404
<Response [404]>,404
<Response [404]>,404
<Response [404]>,404
<Response [404]>,404
<Response [404]>,404
<Response [404]>,404
<Response [200]>,200
<Response [403]>,403
<Response [200]>,200
<Response [404]>,404
<Response [400]>,400
<Response [404]>,404
<Response [404]>,404
<Response [404]>,404
<Response [404]>,404
<Response [404]>,404
<Response [403]>,403
<Response [403]>,403
<Response [404]>,404
<Response [404]>,404
<Response [404]>,404
<Response [404]>,404
<Response [200]>,200
<Response [404]>,404
<Response [200]>,200
<Response [200]>,200
<Response [200]>,200
<Response [200]>,200
<Response [200]>,200
<Response [404]>,404
<Response [200]>,200
<Response [404]>,404
<Response [404]>,404
<Response [400]>,400
<Response [404]>,404
<Response [404]>,404
<Response [404]>,404
<Response [404]>,404
<Response [200]>,200
<Response [200]>,200
<Response [200]>,200
<Response [404]>,404
<Response [404]>,404
<Response [200]>,200
<Response [403]>,403
<Response [200]>,200
<Response [200]>,200
<Response [400]>,400
<Response [200]>,200
<Response [404]>,404
<Response [200]>,200
<Response [404]>,404
<Response [200]>,200
<Response [400]>,400
<Response [404]>,404
<Response [404]>,404
<Response [200]>,200
<Response [404]>,404
<Response [400]>,400
<Response [404]>,404
<Response [200]>,200
<Response [404]>,404
<Response [200]>,200
<Response [404]>,404
<Response [404]>,404
<Response [200]>,200
<Response [404]>,404
<Response [400]>,400
<Response [404]>,404
<Response [404]>,404
<Response [404]>,404
<Response [400]>,400
<Response [200]>,200
<Response [404]>,404
<Response [404]>,404
<Response [404]>,404
<Response [400]>,400
<Response [404]>,404
<Response [404]>,404
<Response [404]>,404
<Response [404]>,404
<Response [200]>,200
<Response [404]>,404
<Response [404]>,404
<Response [404]>,404
<Response [404]>,404
<Response [404]>,404
<Response [403]>,403
<Response [404]>,404
<Response [404]>,404
<Response [404]>,404
<Response [400]>,400
<Response [200]>,200
<Response [404]>,404
<Response [404]>,404
<Response [404]>,404
<Response [404]>,404
<Response [404]>,404
<Response [500]>,500
<Response [200]>,200
<Response [200]>,200
<Response [404]>,404
<Response [404]>,404
<Response [200]>,200
<Response [404]>,404
<Response [404]>,404
<Response [404]>,404
<Response [400]>,400
<Response [404]>,404
<Response [404]>,404
<Response [200]>,200
<Response [200]>,200
<Response [404]>,404
<Response [400]>,400
<Response [404]>,404
<Response [404]>,404
<Response [404]>,404
<Response [404]>,404
<Response [200]>,200
<Response [404]>,404
<Response [404]>,404
<Response [200]>,200
<Response [404]>,404
<Response [404]>,404
<Response [404]>,404
<Response [404]>,404
<Response [404]>,404
<Response [404]>,404
<Response [404]>,404
<Response [400]>,400
<Response [404]>,404
<Response [200]>,200
<Response [200]>,200
<Response [404]>,404
<Response [404]>,404
<Response [404]>,404
<Response [404]>,404
<Response [404]>,404
<Response [404]>,404
<Response [404]>,404
<Response [404]>,404
<Response [404]>,404
<Response [404]>,404
<Response [200]>,200
<Response [404]>,404
<Response [404]>,404
<Response [404]>,404
<Response [404]>,404
<Response [404]>,404
<Response [404]>,404
<Response [404]>,404
<Response [404]>,404
<Response [404]>,404
<Response [404]>,404
<Response [404]>,404
<Response [404]>,404
<Response [200]>,200
<Response [404]>,404
<Response [404]>,404
<Response [200]>,200
<Response [200]>,200
<Response [404]>,404
<Response [404]>,404
<Response [404]>,404
<Response [404]>,404
<Response [404]>,404
<Response [404]>,404
<Response [500]>,500
<Response [404]>,404
<Response [404]>,404
<Response [200]>,200
<Response [404]>,404
<Response [404]>,404
<Response [200]>,200
<Response [200]>,200
<Response [200]>,200
<Response [200]>,200
<Response [200]>,200
<Response [200]>,200
<Response [200]>,200
<Response [200]>,200
<Response [200]>,200
<Response [200]>,200
<Response [200]>,200
<Response [200]>,200
<Response [200]>,200
<Response [200]>,200
<Response [200]>,200
<Response [200]>,200
<Response [200]>,200
<Response [200]>,200
<Response [200]>,200
<Response [200]>,200
<Response [200]>,200
<Response [404]>,404
<Response [404]>,404
<Response [404]>,404
<Response [400]>,400
<Response [404]>,404
<Response [404]>,404
<Response [404]>,404
<Response [404]>,404
<Response [404]>,404
<Response [404]>,404
<Response [404]>,404
<Response [404]>,404
<Response [404]>,404
<Response [404]>,404
<Response [404]>,404
<Response [404]>,404
<Response [404]>,404
<Response [404]>,404
<Response [404]>,404
<Response [200]>,200
<Response [404]>,404
<Response [404]>,404
<Response [404]>,404
<Response [404]>,404
<Response [404]>,404
<Response [404]>,404
<Response [404]>,404
<Response [200]>,200
<Response [404]>,404
<Response [200]>,200
<Response [404]>,404
<Response [404]>,404
<Response [404]>,404
<Response [404]>,404
<Response [404]>,404
<Response [404]>,404
<Response [404]>,404
<Response [404]>,404
<Response [404]>,404
<Response [404]>,404
<Response [404]>,404
<Response [400]>,400
<Response [404]>,404
<Response [404]>,404
<Response [404]>,404
<Response [404]>,404
<Response [404]>,404
<Response [404]>,404
<Response [404]>,404
<Response [404]>,404
<Response [404]>,404
<Response [404]>,404
<Response [404]>,404
<Response [400]>,400
<Response [404]>,404
<Response [404]>,404
<Response [404]>,404
<Response [404]>,404
<Response [404]>,404
<Response [404]>,404
<Response [404]>,404
<Response [404]>,404
<Response [403]>,403
<Response [404]>,404
<Response [404]>,404
<Response [404]>,404
<Response [404]>,404
<Response [404]>,404
<Response [404]>,404
<Response [404]>,404
<Response [404]>,404
<Response [404]>,404
<Response [200]>,200
<Response [404]>,404
<Response [404]>,404
<Response [200]>,200
<Response [404]>,404
<Response [404]>,404
<Response [200]>,200
<Response [404]>,404
<Response [404]>,404
<Response [404]>,404
<Response [404]>,404
<Response [404]>,404
<Response [404]>,404
<Response [200]>,200
<Response [404]>,404
<Response [200]>,200
<Response [404]>,404
<Response [404]>,404
<Response [404]>,404
<Response [200]>,200
<Response [200]>,200
<Response [404]>,404
<Response [200]>,200
<Response [404]>,404
<Response [404]>,404
<Response [404]>,404
<Response [404]>,404
<Response [404]>,404
<Response [404]>,404
<Response [404]>,404
<Response [404]>,404
<Response [404]>,404
<Response [404]>,404
<Response [404]>,404
<Response [404]>,404
<Response [200]>,200
<Response [404]>,404
<Response [404]>,404
<Response [404]>,404
<Response [404]>,404
<Response [404]>,404
<Response [404]>,404
<Response [404]>,404
<Response [404]>,404
<Response [404]>,404
<Response [403]>,403
<Response [404]>,404
<Response [404]>,404
<Response [404]>,404
<Response [404]>,404
<Response [404]>,404
<Response [404]>,404
<Response [200]>,200
<Response [404]>,404
<Response [404]>,404
<Response [404]>,404
<Response [404]>,404
<Response [404]>,404
<Response [404]>,404
<Response [404]>,404
<Response [404]>,404
<Response [404]>,404
<Response [404]>,404
<Response [404]>,404
<Response [404]>,404
<Response [404]>,404
<Response [404]>,404
<Response [404]>,404
<Response [404]>,404
<Response [404]>,404
<Response [404]>,404
<Response [404]>,404
<Response [404]>,404
<Response [200]>,200
<Response [200]>,200
<Response [404]>,404
<Response [404]>,404
<Response [404]>,404
<Response [404]>,404
<Response [404]>,404
<Response [404]>,404
<Response [404]>,404
<Response [404]>,404
<Response [200]>,200
<Response [404]>,404
<Response [200]>,200
<Response [404]>,404
<Response [502]>,502
<Response [200]>,200
<Response [200]>,200
<Response [404]>,404
<Response [200]>,200
<Response [404]>,404
<Response [404]>,404
<Response [404]>,404
<Response [404]>,404
<Response [404]>,404
<Response [404]>,404
<Response [200]>,200
<Response [404]>,404
<Response [404]>,404
<Response [404]>,404
<Response [404]>,404
<Response [404]>,404
<Response [403]>,403
<Response [404]>,404
<Response [200]>,200
<Response [404]>,404
<Response [404]>,404
<Response [404]>,404
<Response [404]>,404
<Response [200]>,200
<Response [404]>,404
<Response [404]>,404
<Response [200]>,200
<Response [404]>,404
<Response [404]>,404
<Response [404]>,404
<Response [200]>,200
<Response [404]>,404
<Response [404]>,404
<Response [404]>,404
<Response [404]>,404
<Response [404]>,404
<Response [404]>,404
<Response [404]>,404
<Response [404]>,404
<Response [404]>,404
<Response [404]>,404
<Response [404]>,404
<Response [200]>,200
<Response [404]>,404
<Response [404]>,404
<Response [404]>,404
<Response [404]>,404
<Response [404]>,404
<Response [404]>,404
<Response [404]>,404
<Response [404]>,404
<Response [404]>,404
<Response [404]>,404
<Response [404]>,404
<Response [404]>,404
<Response [404]>,404
<Response [404]>,404
<Response [404]>,404
<Response [404]>,404
<Response [404]>,404
<Response [404]>,404
<Response [404]>,404
<Response [404]>,404
<Response [404]>,404
<Response [404]>,404
<Response [400]>,400
<Response [404]>,404
<Response [404]>,404
<Response [200]>,200
<Response [404]>,404
<Response [400]>,400
<Response [404]>,404
<Response [404]>,404
<Response [404]>,404
<Response [404]>,404
<Response [404]>,404
<Response [404]>,404
<Response [200]>,200
<Response [200]>,200
<Response [404]>,404
<Response [404]>,404
<Response [200]>,200
<Response [200]>,200
<Response [404]>,404
<Response [200]>,200
<Response [404]>,404
<Response [200]>,200
<Response [404]>,404
<Response [200]>,200
<Response [404]>,404
<Response [404]>,404
<Response [404]>,404
<Response [404]>,404
<Response [404]>,404
<Response [404]>,404
<Response [404]>,404
<Response [200]>,200
<Response [404]>,404
<Response [200]>,200
<Response [400]>,400
<Response [404]>,404
<Response [404]>,404
<Response [400]>,400
<Response [404]>,404
<Response [404]>,404
<Response [404]>,404
<Response [404]>,404
<Response [404]>,404
<Response [404]>,404
<Response [404]>,404
<Response [404]>,404
<Response [404]>,404
<Response [404]>,404
<Response [404]>,404
<Response [404]>,404
<Response [404]>,404
<Response [404]>,404
<Response [404]>,404
<Response [404]>,404
<Response [404]>,404
<Response [403]>,403
<Response [404]>,404
<Response [404]>,404
<Response [404]>,404
<Response [404]>,404
<Response [404]>,404
<Response [404]>,404
<Response [200]>,200
<Response [404]>,404
<Response [200]>,200
<Response [200]>,200
<Response [200]>,200
<Response [400]>,400
<Response [200]>,200
<Response [404]>,404
<Response [404]>,404
<Response [404]>,404
<Response [400]>,400
<Response [200]>,200
<Response [404]>,404
<Response [404]>,404
<Response [404]>,404
<Response [404]>,404
<Response [404]>,404
<Response [404]>,404
<Response [404]>,404
<Response [404]>,404
<Response [200]>,200
<Response [404]>,404
<Response [404]>,404
<Response [404]>,404
<Response [404]>,404
<Response [404]>,404
<Response [200]>,200
<Response [404]>,404
<Response [404]>,404
<Response [404]>,404
<Response [404]>,404
<Response [400]>,400
<Response [404]>,404
<Response [200]>,200
<Response [200]>,200
<Response [404]>,404
<Response [404]>,404
<Response [404]>,404
<Response [404]>,404
<Response [404]>,404
<Response [404]>,404
<Response [200]>,200
<Response [200]>,200
<Response [404]>,404
<Response [404]>,404
<Response [200]>,200
<Response [404]>,404
<Response [200]>,200
<Response [404]>,404
<Response [404]>,404
<Response [404]>,404
<Response [404]>,404
<Response [404]>,404
<Response [500]>,500
<Response [200]>,200
<Response [200]>,200
<Response [404]>,404
<Response [200]>,200
<Response [200]>,200
<Response [200]>,200
<Response [200]>,200
<Response [200]>,200
<Response [200]>,200
<Response [200]>,200
<Response [200]>,200
<Response [200]>,200
<Response [404]>,404
<Response [200]>,200
<Response [404]>,404
<Response [404]>,404
<Response [200]>,200
<Response [404]>,404
<Response [404]>,404
<Response [404]>,404
<Response [400]>,400
<Response [404]>,404
<Response [404]>,404
<Response [200]>,200
<Response [404]>,404
<Response [404]>,404
<Response [404]>,404
<Response [400]>,400
<Response [404]>,404
<Response [404]>,404
<Response [200]>,200
<Response [404]>,404
<Response [404]>,404
<Response [404]>,404
<Response [404]>,404
<Response [200]>,200
<Response [200]>,200
<Response [400]>,400
<Response [404]>,404
<Response [404]>,404
<Response [200]>,200
<Response [400]>,400
<Response [404]>,404
<Response [404]>,404
<Response [200]>,200
<Response [500]>,500
<Response [400]>,400
<Response [404]>,404
<Response [500]>,500
<Response [500]>,500
<Response [404]>,404
<Response [200]>,200
<Response [200]>,200
<Response [400]>,400
<Response [200]>,200
<Response [404]>,404
<Response [404]>,404
<Response [200]>,200
<Response [200]>,200
<Response [404]>,404
<Response [404]>,404
<Response [404]>,404
<Response [404]>,404
<Response [500]>,500
<Response [500]>,500
<Response [400]>,400
<Response [200]>,200
<Response [200]>,200
<Response [404]>,404
<Response [200]>,200
<Response [200]>,200
<Response [404]>,404
<Response [404]>,404
<Response [404]>,404
<Response [404]>,404
<Response [404]>,404
<Response [404]>,404
<Response [500]>,500
<Response [404]>,404
<Response [404]>,404
<Response [404]>,404
<Response [200]>,200
<Response [404]>,404
<Response [404]>,404
<Response [200]>,200
<Response [404]>,404
<Response [400]>,400
<Response [404]>,404
<Response [400]>,400
<Response [404]>,404
<Response [404]>,404
<Response [404]>,404
<Response [404]>,404
<Response [404]>,404
<Response [404]>,404
<Response [404]>,404
<Response [404]>,404
<Response [404]>,404
<Response [400]>,400
<Response [404]>,404
<Response [404]>,404
<Response [404]>,404
<Response [404]>,404
<Response [404]>,404
<Response [404]>,404
<Response [404]>,404
<Response [404]>,404
<Response [404]>,404
<Response [404]>,404
<Response [404]>,404
<Response [404]>,404
<Response [404]>,404
<Response [404]>,404
<Response [404]>,404
<Response [403]>,403
<Response [404]>,404
<Response [200]>,200
<Response [404]>,404
<Response [404]>,404
<Response [404]>,404
<Response [404]>,404
<Response [404]>,404
<Response [404]>,404
<Response [400]>,400
<Response [400]>,400
<Response [400]>,400
<Response [404]>,404
<Response [404]>,404
<Response [404]>,404
<Response [404]>,404
<Response [404]>,404
<Response [404]>,404
<Response [404]>,404
<Response [200]>,200
<Response [404]>,404
<Response [404]>,404
<Response [404]>,404
<Response [404]>,404
<Response [200]>,200
<Response [404]>,404
<Response [200]>,200
<Response [500]>,500
<Response [404]>,404
<Response [404]>,404
<Response [404]>,404
<Response [404]>,404
<Response [404]>,404
<Response [404]>,404
<Response [404]>,404
<Response [404]>,404
<Response [200]>,200
<Response [404]>,404
<Response [404]>,404
<Response [404]>,404
<Response [404]>,404
<Response [404]>,404
<Response [404]>,404
<Response [404]>,404
<Response [400]>,400
<Response [404]>,404
<Response [200]>,200
<Response [404]>,404
<Response [200]>,200
<Response [404]>,404
<Response [404]>,404
<Response [404]>,404
<Response [404]>,404
<Response [404]>,404
<Response [404]>,404
<Response [404]>,404
<Response [200]>,200
<Response [404]>,404
<Response [404]>,404
<Response [404]>,404
<Response [500]>,500
<Response [404]>,404
<Response [404]>,404
<Response [404]>,404
<Response [404]>,404
<Response [404]>,404
<Response [404]>,404
<Response [404]>,404
<Response [404]>,404
<Response [404]>,404
<Response [404]>,404
<Response [400]>,400
<Response [404]>,404
<Response [404]>,404
<Response [404]>,404
<Response [404]>,404
<Response [404]>,404
<Response [404]>,404
<Response [404]>,404
<Response [200]>,200
<Response [404]>,404
<Response [404]>,404
<Response [404]>,404
<Response [404]>,404
<Response [200]>,200
<Response [404]>,404
<Response [404]>,404
<Response [404]>,404
<Response [403]>,403
<Response [404]>,404
<Response [404]>,404
<Response [404]>,404
<Response [404]>,404
<Response [404]>,404
<Response [200]>,200
<Response [404]>,404
<Response [404]>,404
<Response [404]>,404
<Response [404]>,404
<Response [404]>,404
<Response [404]>,404
<Response [404]>,404
<Response [404]>,404
<Response [404]>,404
<Response [404]>,404
<Response [404]>,404
<Response [404]>,404
<Response [404]>,404
<Response [404]>,404
<Response [404]>,404
<Response [404]>,404
<Response [404]>,404
<Response [404]>,404
<Response [404]>,404
<Response [404]>,404
<Response [404]>,404
<Response [200]>,200
<Response [200]>,200
<Response [404]>,404
<Response [404]>,404
<Response [404]>,404
<Response [404]>,404
<Response [404]>,404
<Response [404]>,404
<Response [404]>,404
<Response [404]>,404
<Response [404]>,404
<Response [404]>,404
<Response [404]>,404
<Response [404]>,404
<Response [400]>,400
<Response [404]>,404
<Response [400]>,400
<Response [404]>,404
<Response [200]>,200
<Response [404]>,404
<Response [404]>,404
<Response [404]>,404
<Response [404]>,404
<Response [404]>,404
<Response [404]>,404
<Response [404]>,404
<Response [404]>,404
<Response [404]>,404
<Response [404]>,404
<Response [404]>,404
<Response [404]>,404
<Response [404]>,404
<Response [404]>,404
<Response [404]>,404
<Response [404]>,404
<Response [404]>,404
<Response [200]>,200
<Response [400]>,400
<Response [403]>,403
<Response [403]>,403
<Response [200]>,200
<Response [400]>,400
<Response [400]>,400
<Response [400]>,400
<Response [400]>,400
<Response [400]>,400
<Response [400]>,400
<Response [404]>,404
<Response [404]>,404
<Response [404]>,404
<Response [403]>,403
<Response [404]>,404
<Response [200]>,200
<Response [404]>,404
<Response [200]>,200
<Response [404]>,404
<Response [404]>,404
<Response [404]>,404
<Response [400]>,400
<Response [404]>,404
<Response [400]>,400
<Response [404]>,404
<Response [404]>,404
<Response [404]>,404
<Response [404]>,404
<Response [404]>,404
<Response [404]>,404
<Response [404]>,404
<Response [404]>,404
<Response [403]>,403
<Response [404]>,404
<Response [404]>,404
<Response [404]>,404
<Response [404]>,404
<Response [404]>,404
<Response [404]>,404
<Response [404]>,404
<Response [200]>,200
<Response [404]>,404
<Response [404]>,404
<Response [404]>,404
<Response [404]>,404
<Response [404]>,404
<Response [404]>,404
<Response [404]>,404
<Response [404]>,404
<Response [404]>,404
<Response [404]>,404
<Response [404]>,404
<Response [404]>,404
<Response [404]>,404
<Response [404]>,404
<Response [404]>,404
<Response [404]>,404
<Response [400]>,400
<Response [404]>,404
<Response [200]>,200
<Response [404]>,404
<Response [404]>,404
<Response [404]>,404
<Response [404]>,404
<Response [200]>,200
<Response [404]>,404
<Response [404]>,404
<Response [404]>,404
<Response [404]>,404
<Response [404]>,404
<Response [404]>,404
<Response [200]>,200
<Response [404]>,404
<Response [404]>,404
<Response [404]>,404
<Response [404]>,404
<Response [404]>,404
<Response [404]>,404
<Response [404]>,404
<Response [404]>,404
<Response [404]>,404
<Response [404]>,404
<Response [404]>,404
<Response [404]>,404
<Response [404]>,404
<Response [200]>,200
<Response [404]>,404
<Response [404]>,404
<Response [404]>,404
<Response [404]>,404
<Response [404]>,404
<Response [404]>,404
<Response [404]>,404
<Response [404]>,404
<Response [404]>,404
<Response [404]>,404
<Response [404]>,404
<Response [404]>,404
<Response [404]>,404
<Response [404]>,404
<Response [404]>,404
<Response [404]>,404
<Response [404]>,404
<Response [400]>,400
<Response [404]>,404
<Response [200]>,200
<Response [404]>,404
<Response [404]>,404
<Response [500]>,500
<Response [200]>,200
<Response [404]>,404
<Response [404]>,404
<Response [404]>,404
<Response [404]>,404
<Response [404]>,404
<Response [404]>,404
<Response [403]>,403
<Response [403]>,403
<Response [404]>,404
<Response [400]>,400
<Response [404]>,404
<Response [404]>,404
<Response [400]>,400
<Response [404]>,404
<Response [404]>,404
<Response [404]>,404
<Response [404]>,404
<Response [404]>,404
<Response [200]>,200
<Response [404]>,404
<Response [404]>,404
<Response [404]>,404
<Response [404]>,404
<Response [404]>,404
<Response [200]>,200
<Response [404]>,404
<Response [404]>,404
<Response [404]>,404
<Response [404]>,404
<Response [200]>,200
<Response [200]>,200
<Response [200]>,200
<Response [404]>,404
<Response [400]>,400
<Response [403]>,403
<Response [200]>,200
<Response [404]>,404
<Response [404]>,404
<Response [404]>,404
<Response [404]>,404
<Response [404]>,404
<Response [200]>,200
<Response [404]>,404
<Response [404]>,404
<Response [200]>,200
<Response [404]>,404
<Response [404]>,404
<Response [404]>,404
<Response [404]>,404
<Response [404]>,404
<Response [404]>,404
<Response [200]>,200
<Response [200]>,200
<Response [200]>,200
<Response [404]>,404
<Response [404]>,404
<Response [200]>,200
<Response [404]>,404
<Response [404]>,404
<Response [200]>,200
<Response [404]>,404
<Response [404]>,404
<Response [404]>,404
<Response [404]>,404
<Response [400]>,400
<Response [400]>,400
<Response [404]>,404
<Response [404]>,404
<Response [404]>,404
<Response [404]>,404
<Response [404]>,404
<Response [200]>,200
<Response [200]>,200
<Response [404]>,404
<Response [404]>,404
<Response [404]>,404
<Response [404]>,404
<Response [404]>,404
<Response [404]>,404
<Response [404]>,404
<Response [200]>,200
<Response [404]>,404
<Response [500]>,500
<Response [200]>,200
<Response [404]>,404
<Response [404]>,404
<Response [400]>,400
<Response [403]>,403
<Response [403]>,403
<Response [404]>,404
<Response [200]>,200
<Response [200]>,200
<Response [200]>,200
<Response [404]>,404
<Response [404]>,404
<Response [404]>,404
<Response [404]>,404
<Response [404]>,404
<Response [404]>,404
<Response [200]>,200
<Response [200]>,200
<Response [200]>,200
<Response [200]>,200
<Response [200]>,200
<Response [200]>,200
<Response [404]>,404
<Response [200]>,200
<Response [200]>,200
<Response [404]>,404
<Response [404]>,404
<Response [404]>,404
<Response [404]>,404
<Response [404]>,404
<Response [200]>,200
<Response [404]>,404
<Response [404]>,404
<Response [400]>,400
<Response [200]>,200
<Response [200]>,200
<Response [404]>,404
<Response [403]>,403
<Response [200]>,200
<Response [404]>,404
<Response [404]>,404
<Response [404]>,404
<Response [404]>,404
<Response [200]>,200
<Response [400]>,400
<Response [200]>,200
<Response [200]>,200
<Response [404]>,404
<Response [404]>,404
<Response [200]>,200
<Response [200]>,200
<Response [200]>,200
<Response [400]>,400
<Response [403]>,403
<Response [404]>,404
<Response [200]>,200
<Response [404]>,404
<Response [404]>,404
<Response [403]>,403
<Response [200]>,200
<Response [404]>,404
<Response [200]>,200
<Response [200]>,200
<Response [404]>,404
<Response [400]>,400
<Response [404]>,404
<Response [200]>,200
<Response [404]>,404
<Response [404]>,404
<Response [404]>,404
<Response [404]>,404
<Response [404]>,404
<Response [404]>,404
<Response [404]>,404
<Response [404]>,404
<Response [502]>,502
<Response [404]>,404
<Response [200]>,200
<Response [404]>,404
<Response [400]>,400
<Response [404]>,404
<Response [404]>,404
<Response [404]>,404
<Response [404]>,404
<Response [404]>,404
<Response [404]>,404
<Response [404]>,404
<Response [404]>,404
<Response [404]>,404
<Response [403]>,403
<Response [200]>,200
<Response [404]>,404
<Response [404]>,404
<Response [400]>,400
<Response [404]>,404
<Response [200]>,200
<Response [200]>,200
<Response [200]>,200
<Response [200]>,200
<Response [404]>,404
<Response [404]>,404
<Response [400]>,400
<Response [404]>,404
<Response [404]>,404
<Response [404]>,404
<Response [404]>,404
<Response [404]>,404
<Response [404]>,404
<Response [404]>,404
<Response [200]>,200
<Response [404]>,404
<Response [404]>,404
<Response [200]>,200
<Response [200]>,200
<Response [404]>,404
<Response [404]>,404
<Response [404]>,404
<Response [404]>,404
<Response [200]>,200
<Response [404]>,404
<Response [404]>,404
<Response [403]>,403
<Response [404]>,404
<Response [404]>,404
<Response [404]>,404
<Response [404]>,404
<Response [200]>,200
<Response [404]>,404
<Response [404]>,404
<Response [404]>,404
<Response [200]>,200
<Response [404]>,404
<Response [404]>,404
<Response [404]>,404
<Response [404]>,404
<Response [404]>,404
<Response [404]>,404
<Response [404]>,404
<Response [404]>,404
<Response [404]>,404
<Response [200]>,200
<Response [404]>,404
<Response [404]>,404
<Response [404]>,404
<Response [404]>,404
<Response [404]>,404
<Response [404]>,404
<Response [404]>,404
<Response [404]>,404
<Response [404]>,404
<Response [200]>,200
<Response [200]>,200
<Response [200]>,200
<Response [200]>,200
<Response [404]>,404
<Response [404]>,404
<Response [404]>,404
<Response [400]>,400
<Response [404]>,404
<Response [403]>,403
<Response [404]>,404
<Response [404]>,404
<Response [404]>,404
<Response [404]>,404
<Response [404]>,404
<Response [404]>,404
<Response [404]>,404
<Response [404]>,404
<Response [200]>,200
<Response [404]>,404
<Response [404]>,404
<Response [404]>,404
<Response [404]>,404
<Response [404]>,404
<Response [404]>,404
<Response [404]>,404
<Response [404]>,404
<Response [404]>,404
<Response [404]>,404
<Response [400]>,400
<Response [404]>,404
<Response [200]>,200
<Response [404]>,404
<Response [404]>,404
<Response [404]>,404
<Response [200]>,200
<Response [404]>,404
<Response [200]>,200
<Response [404]>,404
<Response [404]>,404
<Response [404]>,404
<Response [404]>,404
<Response [404]>,404
<Response [404]>,404
<Response [400]>,400
<Response [200]>,200
<Response [404]>,404
<Response [404]>,404
<Response [404]>,404
<Response [400]>,400
<Response [404]>,404
<Response [404]>,404
<Response [404]>,404
<Response [404]>,404
<Response [404]>,404
<Response [404]>,404
<Response [200]>,200
<Response [404]>,404
<Response [404]>,404
<Response [404]>,404
<Response [404]>,404
<Response [404]>,404
<Response [404]>,404
<Response [200]>,200
<Response [200]>,200
<Response [404]>,404
<Response [500]>,500
<Response [404]>,404
<Response [404]>,404
<Response [404]>,404
<Response [404]>,404
<Response [404]>,404
<Response [404]>,404
<Response [404]>,404
<Response [200]>,200
<Response [200]>,200
<Response [200]>,200
<Response [404]>,404
<Response [200]>,200
<Response [404]>,404
<Response [200]>,200
<Response [404]>,404
<Response [404]>,404
<Response [404]>,404
<Response [404]>,404
<Response [200]>,200
<Response [404]>,404
<Response [404]>,404
<Response [404]>,404
<Response [404]>,404
<Response [404]>,404
<Response [404]>,404
<Response [404]>,404
<Response [404]>,404
<Response [404]>,404
<Response [404]>,404
<Response [404]>,404
<Response [200]>,200
<Response [400]>,400
<Response [404]>,404
<Response [400]>,400
<Response [200]>,200
<Response [403]>,403
<Response [404]>,404
<Response [404]>,404
<Response [404]>,404
<Response [404]>,404
<Response [404]>,404
<Response [404]>,404
<Response [404]>,404
<Response [200]>,200
<Response [200]>,200
<Response [200]>,200
<Response [404]>,404
<Response [200]>,200
<Response [200]>,200
<Response [200]>,200
<Response [200]>,200
<Response [404]>,404
<Response [404]>,404
<Response [404]>,404
<Response [404]>,404
<Response [404]>,404
<Response [400]>,400
<Response [404]>,404
<Response [404]>,404
<Response [404]>,404
<Response [404]>,404
<Response [404]>,404
<Response [404]>,404
<Response [404]>,404
<Response [404]>,404
<Response [200]>,200
<Response [404]>,404
<Response [404]>,404
<Response [404]>,404
<Response [200]>,200
<Response [200]>,200
<Response [404]>,404
<Response [404]>,404
<Response [200]>,200
<Response [200]>,200
<Response [404]>,404
<Response [404]>,404
<Response [400]>,400
<Response [400]>,400
<Response [400]>,400
<Response [400]>,400
<Response [400]>,400
<Response [400]>,400
<Response [400]>,400
<Response [404]>,404
<Response [404]>,404
<Response [200]>,200
<Response [200]>,200
<Response [404]>,404
<Response [400]>,400
<Response [400]>,400
<Response [400]>,400
<Response [200]>,200
<Response [200]>,200
<Response [200]>,200
<Response [200]>,200
<Response [404]>,404
<Response [400]>,400
<Response [200]>,200
<Response [404]>,404
<Response [404]>,404
<Response [200]>,200
<Response [404]>,404
<Response [404]>,404
<Response [404]>,404
<Response [404]>,404
<Response [404]>,404
<Response [404]>,404
<Response [404]>,404
<Response [404]>,404
<Response [200]>,200
<Response [404]>,404
<Response [404]>,404
<Response [404]>,404
<Response [400]>,400
<Response [404]>,404
<Response [404]>,404
<Response [400]>,400
<Response [404]>,404
<Response [400]>,400
<Response [404]>,404
<Response [200]>,200
<Response [404]>,404
<Response [404]>,404
<Response [404]>,404
<Response [200]>,200
<Response [200]>,200
<Response [200]>,200
<Response [200]>,200
<Response [404]>,404
<Response [200]>,200
<Response [404]>,404
<Response [404]>,404
<Response [200]>,200
<Response [404]>,404
<Response [200]>,200
<Response [404]>,404
<Response [403]>,403
<Response [404]>,404
<Response [404]>,404
<Response [403]>,403
<Response [200]>,200
<Response [200]>,200
<Response [404]>,404
<Response [200]>,200
<Response [404]>,404
<Response [404]>,404
<Response [404]>,404
<Response [404]>,404
<Response [404]>,404
<Response [404]>,404
<Response [404]>,404
<Response [404]>,404
<Response [404]>,404
<Response [404]>,404
<Response [200]>,200
<Response [200]>,200
<Response [404]>,404
<Response [200]>,200
<Response [404]>,404
<Response [200]>,200
<Response [404]>,404
<Response [400]>,400
<Response [200]>,200
<Response [404]>,404
<Response [404]>,404
<Response [404]>,404
<Response [404]>,404
<Response [404]>,404
<Response [200]>,200
<Response [404]>,404
<Response [404]>,404
<Response [404]>,404
<Response [404]>,404
<Response [404]>,404
<Response [200]>,200
<Response [200]>,200
<Response [404]>,404
<Response [404]>,404
<Response [404]>,404
<Response [404]>,404
<Response [400]>,400
<Response [404]>,404
<Response [400]>,400
<Response [404]>,404
<Response [404]>,404
<Response [200]>,200
<Response [404]>,404
<Response [404]>,404
<Response [200]>,200
<Response [200]>,200
<Response [404]>,404
<Response [200]>,200
<Response [404]>,404
<Response [404]>,404
<Response [404]>,404
<Response [404]>,404
<Response [200]>,200
<Response [400]>,400
<Response [400]>,400
<Response [404]>,404
<Response [404]>,404
<Response [200]>,200
<Response [200]>,200
<Response [200]>,200
<Response [404]>,404
<Response [404]>,404
<Response [404]>,404
<Response [200]>,200
<Response [404]>,404
<Response [404]>,404
<Response [404]>,404
<Response [200]>,200
<Response [404]>,404
<Response [404]>,404
<Response [200]>,200
<Response [400]>,400
<Response [400]>,400
<Response [400]>,400
<Response [400]>,400
<Response [400]>,400
<Response [200]>,200
<Response [400]>,400
<Response [404]>,404
<Response [404]>,404
<Response [404]>,404
<Response [200]>,200
<Response [200]>,200
<Response [200]>,200
<Response [404]>,404
<Response [200]>,200
<Response [404]>,404
<Response [404]>,404
<Response [404]>,404
<Response [404]>,404
<Response [404]>,404
<Response [404]>,404
<Response [404]>,404
<Response [200]>,200
<Response [200]>,200
<Response [404]>,404
<Response [400]>,400
<Response [404]>,404
<Response [404]>,404
<Response [404]>,404
<Response [404]>,404
<Response [404]>,404
<Response [404]>,404
<Response [404]>,404
<Response [200]>,200
<Response [200]>,200
<Response [404]>,404
<Response [404]>,404
<Response [404]>,404
<Response [400]>,400
<Response [400]>,400
<Response [401]>,401
<Response [401]>,401
<Response [404]>,404
<Response [404]>,404
<Response [404]>,404
<Response [404]>,404
<Response [400]>,400
<Response [404]>,404
<Response [200]>,200
<Response [200]>,200
<Response [404]>,404
<Response [404]>,404
<Response [404]>,404
<Response [404]>,404
<Response [200]>,200
<Response [404]>,404
<Response [404]>,404
<Response [200]>,200
<Response [404]>,404
<Response [200]>,200
<Response [200]>,200
<Response [404]>,404
<Response [404]>,404
<Response [404]>,404
<Response [404]>,404
<Response [404]>,404
<Response [404]>,404
<Response [404]>,404
<Response [404]>,404
<Response [404]>,404
<Response [400]>,400
<Response [404]>,404
<Response [404]>,404
<Response [200]>,200
<Response [200]>,200
<Response [200]>,200
<Response [404]>,404
<Response [404]>,404
<Response [404]>,404
<Response [404]>,404
<Response [200]>,200
<Response [403]>,403
<Response [404]>,404
<Response [404]>,404
<Response [404]>,404
<Response [200]>,200
<Response [200]>,200
<Response [404]>,404
<Response [404]>,404
<Response [404]>,404
<Response [400]>,400
<Response [200]>,200
<Response [200]>,200
<Response [404]>,404
<Response [404]>,404
<Response [404]>,404
<Response [404]>,404
<Response [404]>,404
<Response [404]>,404
<Response [404]>,404
<Response [404]>,404
<Response [404]>,404
<Response [404]>,404
<Response [404]>,404
<Response [404]>,404
<Response [404]>,404
<Response [500]>,500
<Response [500]>,500
<Response [200]>,200
<Response [500]>,500
<Response [400]>,400
<Response [404]>,404
<Response [500]>,500
<Response [200]>,200
<Response [200]>,200
<Response [404]>,404
<Response [200]>,200
<Response [200]>,200
<Response [404]>,404
<Response [404]>,404
<Response [404]>,404
<Response [400]>,400
<Response [400]>,400
<Response [503]>,503
<Response [404]>,404
<Response [200]>,200
<Response [404]>,404
<Response [200]>,200
<Response [400]>,400
<Response [200]>,200
<Response [200]>,200
<Response [404]>,404
<Response [200]>,200
<Response [404]>,404
<Response [200]>,200
<Response [404]>,404
<Response [404]>,404
<Response [404]>,404
<Response [404]>,404
<Response [404]>,404
<Response [404]>,404
<Response [400]>,400
<Response [400]>,400
<Response [404]>,404
<Response [200]>,200
<Response [200]>,200
<Response [200]>,200
<Response [404]>,404
<Response [404]>,404
<Response [404]>,404
<Response [404]>,404
<Response [404]>,404
<Response [200]>,200
<Response [200]>,200
<Response [200]>,200
<Response [200]>,200
<Response [200]>,200
<Response [404]>,404
<Response [200]>,200
<Response [404]>,404
<Response [200]>,200
<Response [404]>,404
<Response [404]>,404
<Response [400]>,400
<Response [404]>,404
<Response [404]>,404
<Response [403]>,403
<Response [200]>,200
<Response [200]>,200
<Response [404]>,404
<Response [404]>,404
<Response [404]>,404
<Response [404]>,404
<Response [200]>,200
<Response [404]>,404
<Response [404]>,404
<Response [404]>,404
<Response [200]>,200
<Response [404]>,404
<Response [301]>,301
<Response [200]>,200
<Response [404]>,404
<Response [404]>,404
<Response [404]>,404
<Response [404]>,404
<Response [404]>,404
<Response [404]>,404
<Response [200]>,200
<Response [404]>,404
<Response [404]>,404
<Response [404]>,404
<Response [404]>,404
<Response [200]>,200
<Response [404]>,404
<Response [404]>,404
<Response [500]>,500
<Response [500]>,500
<Response [404]>,404
<Response [404]>,404
<Response [200]>,200
<Response [200]>,200
<Response [200]>,200
<Response [404]>,404
<Response [200]>,200
<Response [404]>,404
<Response [200]>,200
<Response [404]>,404
<Response [400]>,400
<Response [400]>,400
<Response [404]>,404
<Response [200]>,200
<Response [200]>,200
<Response [200]>,200
<Response [404]>,404
<Response [404]>,404
<Response [404]>,404
<Response [404]>,404
<Response [400]>,400
<Response [404]>,404
<Response [403]>,403
<Response [404]>,404
<Response [200]>,200
<Response [404]>,404
<Response [404]>,404
<Response [404]>,404
<Response [200]>,200
<Response [404]>,404
<Response [400]>,400
<Response [400]>,400
<Response [400]>,400
<Response [400]>,400
<Response [400]>,400
<Response [400]>,400
<Response [404]>,404
<Response [200]>,200
<Response [404]>,404
<Response [404]>,404
<Response [404]>,404
<Response [200]>,200
<Response [404]>,404
<Response [404]>,404
<Response [200]>,200
<Response [404]>,404
<Response [200]>,200
<Response [200]>,200
<Response [404]>,404
<Response [404]>,404
<Response [200]>,200
<Response [200]>,200
<Response [400]>,400
<Response [200]>,200
<Response [404]>,404
<Response [404]>,404
<Response [404]>,404
<Response [200]>,200
<Response [200]>,200
<Response [404]>,404
<Response [404]>,404
<Response [404]>,404
<Response [403]>,403
<Response [403]>,403
<Response [200]>,200
<Response [400]>,400
<Response [500]>,500
<Response [500]>,500
<Response [404]>,404
<Response [200]>,200
<Response [404]>,404
<Response [200]>,200
<Response [404]>,404
<Response [400]>,400
<Response [404]>,404
<Response [404]>,404
<Response [200]>,200
<Response [404]>,404
<Response [404]>,404
<Response [200]>,200
<Response [400]>,400
<Response [200]>,200
<Response [404]>,404
<Response [200]>,200
<Response [404]>,404
<Response [404]>,404
<Response [200]>,200
<Response [200]>,200
<Response [200]>,200
<Response [404]>,404
<Response [200]>,200
<Response [404]>,404
<Response [400]>,400
<Response [200]>,200
<Response [404]>,404
<Response [404]>,404
<Response [403]>,403
<Response [404]>,404
<Response [404]>,404
<Response [404]>,404
<Response [400]>,400
<Response [200]>,200
<Response [404]>,404
<Response [500]>,500
<Response [200]>,200
<Response [200]>,200
<Response [400]>,400
<Response [404]>,404
<Response [404]>,404
<Response [404]>,404
<Response [200]>,200
<Response [200]>,200
<Response [404]>,404
<Response [400]>,400
<Response [200]>,200
<Response [200]>,200
<Response [200]>,200
<Response [404]>,404
<Response [500]>,500
<Response [200]>,200
<Response [404]>,404
<Response [404]>,404
<Response [200]>,200
<Response [404]>,404
<Response [200]>,200
<Response [403]>,403
<Response [404]>,404
<Response [404]>,404
<Response [404]>,404
<Response [200]>,200
<Response [404]>,404
<Response [404]>,404
<Response [404]>,404
<Response [404]>,404
<Response [404]>,404
<Response [404]>,404
<Response [404]>,404
<Response [404]>,404
<Response [404]>,404
<Response [200]>,200
<Response [404]>,404
<Response [404]>,404
<Response [400]>,400
<Response [200]>,200
<Response [404]>,404
<Response [504]>,504
<Response [403]>,403
<Response [404]>,404
<Response [404]>,404
<Response [404]>,404
<Response [200]>,200
<Response [403]>,403
<Response [403]>,403
<Response [404]>,404
<Response [404]>,404
<Response [404]>,404
<Response [404]>,404
<Response [404]>,404
<Response [200]>,200
<Response [200]>,200
<Response [404]>,404
<Response [404]>,404
<Response [500]>,500
<Response [404]>,404
<Response [400]>,400
<Response [400]>,400
<Response [400]>,400
<Response [404]>,404
<Response [404]>,404
<Response [404]>,404
<Response [404]>,404
<Response [404]>,404
<Response [404]>,404
<Response [200]>,200
<Response [404]>,404
<Response [200]>,200
<Response [400]>,400
<Response [404]>,404
<Response [404]>,404
<Response [404]>,404
<Response [200]>,200
<Response [404]>,404
<Response [404]>,404
<Response [200]>,200
<Response [404]>,404
<Response [404]>,404
<Response [403]>,403
<Response [200]>,200
<Response [404]>,404
<Response [404]>,404
<Response [200]>,200
<Response [404]>,404
<Response [404]>,404
<Response [400]>,400
<Response [404]>,404
<Response [404]>,404
<Response [200]>,200
<Response [403]>,403
<Response [404]>,404
<Response [404]>,404
<Response [404]>,404
<Response [404]>,404
<Response [200]>,200
<Response [404]>,404
<Response [200]>,200
<Response [400]>,400
<Response [404]>,404
<Response [404]>,404
<Response [404]>,404
<Response [404]>,404
<Response [404]>,404
<Response [403]>,403
<Response [404]>,404
<Response [200]>,200
<Response [404]>,404
<Response [404]>,404
<Response [404]>,404
<Response [404]>,404
<Response [200]>,200
<Response [400]>,400
<Response [200]>,200
<Response [404]>,404
<Response [404]>,404
<Response [404]>,404
<Response [404]>,404
<Response [404]>,404
<Response [404]>,404
<Response [404]>,404
<Response [404]>,404
<Response [404]>,404
<Response [404]>,404
<Response [403]>,403
<Response [404]>,404
<Response [404]>,404
<Response [404]>,404
<Response [404]>,404
<Response [200]>,200
<Response [400]>,400
<Response [200]>,200
<Response [404]>,404
<Response [404]>,404
<Response [200]>,200
<Response [404]>,404
<Response [404]>,404
<Response [200]>,200
<Response [400]>,400
<Response [200]>,200
<Response [404]>,404
<Response [404]>,404
<Response [404]>,404
<Response [400]>,400
<Response [404]>,404
<Response [404]>,404
<Response [400]>,400
<Response [404]>,404
<Response [400]>,400
<Response [400]>,400
<Response [404]>,404
<Response [200]>,200
<Response [400]>,400
<Response [400]>,400
<Response [404]>,404
<Response [404]>,404
<Response [404]>,404
<Response [404]>,404
<Response [404]>,404
<Response [404]>,404
<Response [200]>,200
<Response [404]>,404
<Response [404]>,404
<Response [404]>,404
<Response [404]>,404
<Response [200]>,200
<Response [200]>,200
<Response [404]>,404
<Response [404]>,404
<Response [404]>,404
<Response [404]>,404
<Response [404]>,404
<Response [404]>,404
<Response [200]>,200
<Response [404]>,404
<Response [404]>,404
<Response [404]>,404
<Response [404]>,404
<Response [503]>,503
<Response [200]>,200
<Response [404]>,404
<Response [404]>,404
<Response [404]>,404
<Response [404]>,404
<Response [200]>,200
<Response [200]>,200
<Response [404]>,404
<Response [404]>,404
<Response [404]>,404
<Response [404]>,404
<Response [200]>,200
<Response [200]>,200
<Response [404]>,404
<Response [404]>,404
<Response [200]>,200
<Response [400]>,400
<Response [400]>,400
<Response [200]>,200
<Response [404]>,404
<Response [500]>,500
<Response [404]>,404
<Response [404]>,404
<Response [404]>,404
<Response [200]>,200
<Response [404]>,404
<Response [200]>,200
<Response [404]>,404
<Response [404]>,404
<Response [404]>,404
<Response [404]>,404
<Response [404]>,404
<Response [404]>,404
<Response [404]>,404
<Response [404]>,404
<Response [404]>,404
<Response [404]>,404
<Response [404]>,404
<Response [404]>,404
<Response [404]>,404
<Response [404]>,404
<Response [404]>,404
<Response [404]>,404
<Response [200]>,200
<Response [404]>,404
<Response [200]>,200
<Response [404]>,404
<Response [200]>,200
<Response [200]>,200
<Response [200]>,200
<Response [404]>,404
<Response [403]>,403
<Response [404]>,404
<Response [404]>,404
<Response [404]>,404
<Response [404]>,404
<Response [400]>,400
<Response [404]>,404
<Response [404]>,404
<Response [404]>,404
<Response [404]>,404
<Response [400]>,400
<Response [400]>,400
<Response [404]>,404
<Response [404]>,404
<Response [404]>,404
<Response [200]>,200
<Response [200]>,200
<Response [200]>,200
<Response [200]>,200
<Response [200]>,200
<Response [200]>,200
<Response [200]>,200
<Response [200]>,200
<Response [200]>,200
<Response [404]>,404
<Response [400]>,400
<Response [400]>,400
<Response [404]>,404
<Response [404]>,404
<Response [200]>,200
<Response [404]>,404
<Response [404]>,404
<Response [200]>,200
<Response [404]>,404
<Response [404]>,404
<Response [404]>,404
<Response [404]>,404
<Response [200]>,200
<Response [404]>,404
<Response [404]>,404
<Response [200]>,200
<Response [400]>,400
<Response [404]>,404
<Response [200]>,200
<Response [200]>,200
<Response [200]>,200
<Response [404]>,404
<Response [200]>,200
<Response [404]>,404
<Response [404]>,404
<Response [200]>,200
<Response [404]>,404
<Response [400]>,400
<Response [404]>,404
<Response [200]>,200
<Response [404]>,404
<Response [404]>,404
<Response [404]>,404
<Response [200]>,200
<Response [200]>,200
<Response [404]>,404
<Response [404]>,404
<Response [404]>,404
<Response [403]>,403
<Response [500]>,500
<Response [500]>,500
<Response [200]>,200
<Response [404]>,404
<Response [200]>,200
<Response [404]>,404
<Response [200]>,200
<Response [500]>,500
<Response [200]>,200
<Response [200]>,200
<Response [200]>,200
<Response [404]>,404
<Response [404]>,404
<Response [404]>,404
<Response [200]>,200
<Response [200]>,200
<Response [404]>,404
<Response [200]>,200
<Response [404]>,404
<Response [404]>,404
<Response [404]>,404
<Response [200]>,200
<Response [200]>,200
<Response [200]>,200
<Response [200]>,200
<Response [403]>,403
<Response [404]>,404
<Response [400]>,400
<Response [404]>,404
<Response [200]>,200
<Response [404]>,404
<Response [400]>,400
<Response [200]>,200
<Response [404]>,404
<Response [404]>,404
<Response [404]>,404
<Response [404]>,404
<Response [404]>,404
<Response [200]>,200
<Response [404]>,404
<Response [404]>,404
<Response [200]>,200
<Response [400]>,400
<Response [200]>,200
<Response [404]>,404
<Response [200]>,200
<Response [404]>,404
<Response [404]>,404
<Response [400]>,400
<Response [404]>,404
<Response [404]>,404
<Response [400]>,400
<Response [200]>,200
<Response [404]>,404
<Response [200]>,200
<Response [404]>,404
<Response [404]>,404
<Response [404]>,404
<Response [404]>,404
<Response [404]>,404
<Response [200]>,200
<Response [500]>,500
<Response [500]>,500
<Response [500]>,500
<Response [200]>,200
<Response [404]>,404
<Response [200]>,200
<Response [200]>,200
<Response [200]>,200
<Response [200]>,200
<Response [404]>,404
<Response [400]>,400
<Response [404]>,404
<Response [200]>,200
<Response [403]>,403
<Response [200]>,200
<Response [404]>,404
<Response [404]>,404
<Response [200]>,200
<Response [404]>,404
<Response [200]>,200
<Response [400]>,400
<Response [200]>,200
<Response [200]>,200
<Response [200]>,200
<Response [200]>,200
<Response [404]>,404
<Response [404]>,404
<Response [404]>,404
<Response [200]>,200
<Response [404]>,404
<Response [403]>,403
<Response [403]>,403
<Response [404]>,404
<Response [200]>,200
<Response [400]>,400
<Response [200]>,200
<Response [404]>,404
<Response [404]>,404
<Response [400]>,400
<Response [200]>,200
<Response [200]>,200
<Response [200]>,200
<Response [200]>,200
<Response [200]>,200
<Response [200]>,200
<Response [200]>,200
<Response [200]>,200
<Response [200]>,200
<Response [200]>,200
<Response [400]>,400
<Response [404]>,404
<Response [400]>,400
<Response [400]>,400
<Response [400]>,400
<Response [400]>,400
<Response [400]>,400
<Response [400]>,400
<Response [400]>,400
<Response [400]>,400
<Response [400]>,400
<Response [400]>,400
<Response [400]>,400
<Response [404]>,404
<Response [404]>,404
<Response [404]>,404
<Response [200]>,200
<Response [404]>,404
<Response [400]>,400
<Response [200]>,200
<Response [404]>,404
<Response [200]>,200
<Response [200]>,200
<Response [200]>,200
<Response [404]>,404
<Response [200]>,200
<Response [200]>,200
<Response [404]>,404
<Response [404]>,404
<Response [404]>,404
<Response [200]>,200
<Response [200]>,200
<Response [404]>,404
<Response [200]>,200
<Response [503]>,503
<Response [404]>,404
<Response [200]>,200
<Response [200]>,200
<Response [404]>,404
<Response [200]>,200
<Response [404]>,404
<Response [400]>,400
<Response [404]>,404
<Response [404]>,404
<Response [404]>,404
<Response [404]>,404
<Response [404]>,404
<Response [404]>,404
<Response [404]>,404
<Response [404]>,404
<Response [200]>,200
<Response [400]>,400
<Response [404]>,404
<Response [404]>,404
<Response [200]>,200
<Response [404]>,404
<Response [200]>,200
<Response [404]>,404
<Response [404]>,404
<Response [404]>,404
<Response [404]>,404
<Response [404]>,404
<Response [404]>,404
<Response [404]>,404
<Response [404]>,404
<Response [404]>,404
<Response [200]>,200
<Response [200]>,200
<Response [200]>,200
<Response [404]>,404
<Response [404]>,404
<Response [200]>,200
<Response [404]>,404
<Response [404]>,404
<Response [404]>,404
<Response [404]>,404
<Response [200]>,200
<Response [404]>,404
<Response [200]>,200
<Response [403]>,403
<Response [404]>,404
<Response [200]>,200
<Response [404]>,404
<Response [404]>,404
<Response [404]>,404
<Response [200]>,200
<Response [404]>,404
<Response [404]>,404
<Response [404]>,404
<Response [200]>,200
<Response [404]>,404
<Response [200]>,200
<Response [404]>,404
<Response [404]>,404
<Response [404]>,404
<Response [200]>,200
<Response [404]>,404
<Response [404]>,404
<Response [200]>,200
<Response [404]>,404
<Response [404]>,404
<Response [404]>,404
<Response [200]>,200
<Response [404]>,404
<Response [404]>,404
<Response [200]>,200
<Response [404]>,404
<Response [404]>,404
<Response [200]>,200
<Response [200]>,200
<Response [200]>,200
<Response [200]>,200
<Response [404]>,404
<Response [404]>,404
<Response [403]>,403
<Response [200]>,200
<Response [404]>,404
<Response [404]>,404
<Response [404]>,404
<Response [404]>,404
<Response [200]>,200
<Response [404]>,404
<Response [404]>,404
<Response [404]>,404
<Response [404]>,404
<Response [404]>,404
<Response [404]>,404
<Response [404]>,404
<Response [404]>,404
<Response [200]>,200
<Response [404]>,404
<Response [200]>,200
<Response [404]>,404
<Response [200]>,200
<Response [404]>,404
<Response [404]>,404
<Response [404]>,404
<Response [200]>,200
<Response [404]>,404
<Response [404]>,404
<Response [404]>,404
<Response [404]>,404
<Response [200]>,200
<Response [404]>,404
<Response [200]>,200
<Response [404]>,404
<Response [404]>,404
<Response [200]>,200
<Response [404]>,404
<Response [404]>,404
<Response [404]>,404
<Response [400]>,400
<Response [200]>,200
<Response [404]>,404
<Response [404]>,404
<Response [404]>,404
<Response [404]>,404
<Response [404]>,404
<Response [404]>,404
<Response [404]>,404
<Response [200]>,200
<Response [404]>,404
<Response [404]>,404
<Response [404]>,404
<Response [404]>,404
<Response [404]>,404
<Response [404]>,404
<Response [404]>,404
<Response [404]>,404
<Response [200]>,200
<Response [404]>,404
<Response [200]>,200
<Response [200]>,200
<Response [200]>,200
<Response [404]>,404
<Response [400]>,400
<Response [200]>,200
<Response [404]>,404
<Response [404]>,404
<Response [200]>,200
<Response [404]>,404
<Response [404]>,404
<Response [404]>,404
<Response [404]>,404
<Response [404]>,404
<Response [200]>,200
<Response [200]>,200
<Response [404]>,404
<Response [200]>,200
<Response [404]>,404
<Response [200]>,200
<Response [200]>,200
<Response [200]>,200
<Response [404]>,404
<Response [404]>,404
<Response [200]>,200
<Response [404]>,404
<Response [404]>,404
<Response [400]>,400
<Response [404]>,404
<Response [404]>,404
<Response [404]>,404
<Response [404]>,404
<Response [404]>,404
<Response [400]>,400
<Response [400]>,400
<Response [404]>,404
<Response [200]>,200
<Response [200]>,200
<Response [404]>,404
<Response [400]>,400
<Response [400]>,400
<Response [404]>,404
<Response [200]>,200
<Response [400]>,400
<Response [400]>,400
<Response [200]>,200
<Response [404]>,404
<Response [404]>,404
<Response [404]>,404
<Response [404]>,404
<Response [404]>,404
<Response [404]>,404
<Response [400]>,400
<Response [200]>,200
<Response [200]>,200
<Response [404]>,404
<Response [200]>,200
<Response [404]>,404
<Response [404]>,404
<Response [200]>,200
<Response [404]>,404
<Response [404]>,404
<Response [404]>,404
<Response [404]>,404
<Response [200]>,200
<Response [200]>,200
<Response [200]>,200
<Response [200]>,200
<Response [400]>,400
<Response [404]>,404
<Response [404]>,404
<Response [404]>,404
<Response [200]>,200
<Response [200]>,200
<Response [404]>,404
<Response [400]>,400
<Response [200]>,200
<Response [404]>,404
<Response [200]>,200
<Response [404]>,404
<Response [200]>,200
<Response [404]>,404
<Response [404]>,404
<Response [200]>,200
<Response [200]>,200
<Response [404]>,404
<Response [404]>,404
<Response [404]>,404
<Response [404]>,404
<Response [404]>,404
<Response [404]>,404
<Response [404]>,404
<Response [404]>,404
<Response [404]>,404
<Response [404]>,404
<Response [404]>,404
<Response [404]>,404
<Response [404]>,404
<Response [404]>,404
<Response [404]>,404
<Response [400]>,400
<Response [400]>,400
<Response [400]>,400
<Response [404]>,404
<Response [404]>,404
<Response [200]>,200
<Response [200]>,200
<Response [200]>,200
<Response [200]>,200
<Response [200]>,200
<Response [404]>,404
<Response [404]>,404
<Response [404]>,404
<Response [404]>,404
<Response [200]>,200
<Response [404]>,404
<Response [400]>,400
<Response [404]>,404
<Response [404]>,404
<Response [200]>,200
<Response [404]>,404
<Response [404]>,404
<Response [404]>,404
<Response [404]>,404
<Response [404]>,404
<Response [200]>,200
<Response [404]>,404
<Response [404]>,404
<Response [200]>,200
<Response [404]>,404
<Response [404]>,404
<Response [404]>,404
<Response [404]>,404
<Response [404]>,404
<Response [200]>,200
<Response [404]>,404
<Response [404]>,404
<Response [404]>,404
<Response [404]>,404
<Response [404]>,404
<Response [404]>,404
<Response [404]>,404
<Response [404]>,404
<Response [200]>,200
<Response [404]>,404
<Response [200]>,200
<Response [200]>,200
<Response [404]>,404
<Response [404]>,404
<Response [404]>,404
<Response [200]>,200
<Response [404]>,404
<Response [404]>,404
<Response [400]>,400
<Response [200]>,200
<Response [403]>,403
<Response [403]>,403
<Response [400]>,400
<Response [200]>,200
<Response [404]>,404
<Response [404]>,404
<Response [200]>,200
<Response [404]>,404
<Response [200]>,200
<Response [404]>,404
<Response [404]>,404
<Response [200]>,200
<Response [404]>,404
<Response [404]>,404
<Response [200]>,200
<Response [404]>,404
<Response [200]>,200
<Response [404]>,404
<Response [404]>,404
<Response [200]>,200
<Response [200]>,200
<Response [404]>,404
<Response [404]>,404
<Response [404]>,404
<Response [404]>,404
<Response [400]>,400
<Response [404]>,404
<Response [200]>,200
<Response [404]>,404
<Response [200]>,200
<Response [200]>,200
<Response [404]>,404
<Response [404]>,404
<Response [404]>,404
<Response [200]>,200
<Response [404]>,404
<Response [404]>,404
<Response [404]>,404
<Response [404]>,404
<Response [404]>,404
<Response [404]>,404
<Response [200]>,200
<Response [404]>,404
<Response [200]>,200
<Response [404]>,404
<Response [404]>,404
<Response [404]>,404
<Response [404]>,404
<Response [404]>,404
<Response [200]>,200
<Response [404]>,404
<Response [404]>,404
<Response [200]>,200
<Response [404]>,404
<Response [404]>,404
<Response [200]>,200
<Response [404]>,404
<Response [404]>,404
<Response [404]>,404
<Response [200]>,200
<Response [404]>,404
<Response [404]>,404
<Response [200]>,200
<Response [404]>,404
<Response [200]>,200
<Response [404]>,404
<Response [404]>,404
<Response [404]>,404
<Response [404]>,404
<Response [200]>,200
<Response [404]>,404
<Response [200]>,200
<Response [200]>,200
<Response [200]>,200
<Response [500]>,500
<Response [200]>,200
<Response [200]>,200
<Response [403]>,403
<Response [404]>,404
<Response [404]>,404
<Response [404]>,404
<Response [404]>,404
<Response [404]>,404
<Response [200]>,200
<Response [200]>,200
<Response [404]>,404
<Response [404]>,404
<Response [200]>,200
<Response [404]>,404
<Response [200]>,200
<Response [404]>,404
<Response [200]>,200
<Response [404]>,404
<Response [404]>,404
<Response [200]>,200
<Response [400]>,400
<Response [403]>,403
<Response [404]>,404
<Response [404]>,404
<Response [404]>,404
<Response [404]>,404
<Response [404]>,404
<Response [404]>,404
<Response [404]>,404
<Response [400]>,400
<Response [404]>,404
<Response [404]>,404
<Response [404]>,404
<Response [404]>,404
<Response [200]>,200
<Response [404]>,404
<Response [404]>,404
<Response [404]>,404
<Response [200]>,200
<Response [404]>,404
<Response [404]>,404
<Response [404]>,404
<Response [400]>,400
<Response [404]>,404
<Response [404]>,404
<Response [200]>,200
<Response [200]>,200
<Response [200]>,200
<Response [404]>,404
<Response [200]>,200
<Response [200]>,200
<Response [404]>,404
<Response [404]>,404
<Response [200]>,200
<Response [404]>,404
<Response [404]>,404
<Response [404]>,404
<Response [200]>,200
<Response [404]>,404
<Response [200]>,200
<Response [404]>,404
<Response [200]>,200
<Response [200]>,200
<Response [200]>,200
<Response [200]>,200
<Response [200]>,200
<Response [404]>,404
<Response [404]>,404
<Response [404]>,404
<Response [200]>,200
<Response [404]>,404
<Response [200]>,200
<Response [404]>,404
<Response [404]>,404
<Response [404]>,404
<Response [404]>,404
<Response [404]>,404
<Response [404]>,404
<Response [404]>,404
<Response [404]>,404
<Response [404]>,404
<Response [200]>,200
<Response [400]>,400
<Response [400]>,400
<Response [200]>,200
<Response [404]>,404
<Response [404]>,404
<Response [200]>,200
<Response [200]>,200
<Response [404]>,404
<Response [200]>,200
<Response [404]>,404
<Response [200]>,200
<Response [200]>,200
<Response [404]>,404
<Response [404]>,404
<Response [404]>,404
<Response [404]>,404
<Response [404]>,404
<Response [404]>,404
<Response [403]>,403
<Response [404]>,404
<Response [403]>,403
<Response [404]>,404
<Response [200]>,200
<Response [404]>,404
<Response [200]>,200
<Response [404]>,404
<Response [404]>,404
<Response [404]>,404
<Response [404]>,404
<Response [404]>,404
<Response [404]>,404
<Response [200]>,200
<Response [403]>,403
<Response [404]>,404
<Response [404]>,404
<Response [404]>,404
<Response [404]>,404
<Response [404]>,404
<Response [404]>,404
<Response [404]>,404
<Response [200]>,200
<Response [200]>,200
<Response [404]>,404
<Response [404]>,404
<Response [500]>,500
<Response [404]>,404
<Response [404]>,404
<Response [200]>,200
<Response [404]>,404
<Response [404]>,404
<Response [404]>,404
<Response [200]>,200
<Response [403]>,403
<Response [200]>,200
<Response [200]>,200
<Response [200]>,200
<Response [404]>,404
<Response [200]>,200
<Response [200]>,200
<Response [200]>,200
<Response [404]>,404
<Response [404]>,404
<Response [404]>,404
<Response [404]>,404
<Response [400]>,400
<Response [400]>,400
<Response [200]>,200
<Response [200]>,200
<Response [200]>,200
<Response [400]>,400
<Response [404]>,404
<Response [400]>,400
<Response [200]>,200
<Response [404]>,404
<Response [404]>,404
<Response [500]>,500
<Response [404]>,404
<Response [404]>,404
<Response [404]>,404
<Response [404]>,404
<Response [404]>,404
<Response [404]>,404
<Response [200]>,200
<Response [200]>,200
<Response [400]>,400
<Response [404]>,404
<Response [400]>,400
<Response [200]>,200
<Response [404]>,404
<Response [200]>,200
<Response [404]>,404
<Response [404]>,404
<Response [404]>,404
<Response [200]>,200
<Response [404]>,404
<Response [200]>,200
<Response [200]>,200
<Response [200]>,200
<Response [200]>,200
<Response [404]>,404
<Response [404]>,404
<Response [404]>,404
<Response [404]>,404
<Response [404]>,404
<Response [404]>,404
<Response [403]>,403
<Response [200]>,200
<Response [404]>,404
<Response [200]>,200
<Response [404]>,404
<Response [200]>,200
<Response [404]>,404
<Response [404]>,404
<Response [200]>,200
<Response [200]>,200
<Response [404]>,404
<Response [404]>,404
<Response [404]>,404
<Response [404]>,404
<Response [200]>,200
<Response [200]>,200
<Response [404]>,404
<Response [200]>,200
<Response [200]>,200
<Response [404]>,404
<Response [404]>,404
<Response [200]>,200
<Response [404]>,404
<Response [200]>,200
<Response [200]>,200
<Response [404]>,404
<Response [200]>,200
<Response [400]>,400
<Response [404]>,404
<Response [404]>,404
<Response [404]>,404
<Response [404]>,404
<Response [404]>,404
<Response [404]>,404
<Response [200]>,200
<Response [200]>,200
<Response [404]>,404
<Response [404]>,404
<Response [404]>,404
<Response [404]>,404
<Response [404]>,404
<Response [503]>,503
<Response [200]>,200
<Response [404]>,404
<Response [404]>,404
<Response [200]>,200
<Response [404]>,404
<Response [200]>,200
<Response [200]>,200
<Response [404]>,404
<Response [404]>,404
<Response [200]>,200
<Response [404]>,404
<Response [404]>,404
<Response [200]>,200
<Response [404]>,404
<Response [404]>,404
<Response [404]>,404
<Response [200]>,200
<Response [200]>,200
<Response [200]>,200
<Response [404]>,404
<Response [404]>,404
<Response [200]>,200
<Response [200]>,200
<Response [404]>,404
<Response [404]>,404
<Response [404]>,404
<Response [404]>,404
<Response [200]>,200
<Response [403]>,403
<Response [404]>,404
<Response [403]>,403
<Response [404]>,404
<Response [404]>,404
<Response [404]>,404
<Response [404]>,404
<Response [404]>,404
<Response [403]>,403
<Response [404]>,404
<Response [200]>,200
<Response [200]>,200
<Response [200]>,200
<Response [200]>,200
<Response [200]>,200
<Response [404]>,404
<Response [200]>,200
<Response [200]>,200
<Response [200]>,200
<Response [200]>,200
<Response [200]>,200
<Response [404]>,404
<Response [404]>,404
<Response [404]>,404
<Response [200]>,200
<Response [200]>,200
<Response [200]>,200
<Response [200]>,200
<Response [404]>,404
<Response [404]>,404
<Response [200]>,200
<Response [404]>,404
<Response [404]>,404
<Response [200]>,200
<Response [404]>,404
<Response [200]>,200
<Response [404]>,404
<Response [200]>,200
<Response [200]>,200
<Response [200]>,200
<Response [200]>,200
<Response [404]>,404
<Response [200]>,200
<Response [200]>,200
<Response [400]>,400
<Response [404]>,404
<Response [404]>,404
<Response [404]>,404
<Response [200]>,200
<Response [404]>,404
<Response [200]>,200
<Response [404]>,404
<Response [404]>,404
<Response [404]>,404
<Response [404]>,404
<Response [404]>,404
<Response [200]>,200
<Response [200]>,200
<Response [200]>,200
<Response [200]>,200
<Response [404]>,404
<Response [404]>,404
<Response [200]>,200
<Response [404]>,404
<Response [404]>,404
<Response [200]>,200
<Response [200]>,200
<Response [200]>,200
<Response [404]>,404
<Response [404]>,404
<Response [404]>,404
<Response [404]>,404
<Response [404]>,404
<Response [404]>,404
<Response [404]>,404
<Response [200]>,200
<Response [200]>,200
<Response [200]>,200
<Response [404]>,404
<Response [200]>,200
<Response [200]>,200
<Response [404]>,404
<Response [200]>,200
<Response [404]>,404
<Response [404]>,404
<Response [404]>,404
<Response [404]>,404
<Response [404]>,404
<Response [404]>,404
<Response [404]>,404
<Response [200]>,200
<Response [200]>,200
<Response [200]>,200
<Response [200]>,200
<Response [404]>,404
<Response [200]>,200
<Response [400]>,400
<Response [404]>,404
<Response [404]>,404
<Response [404]>,404
<Response [404]>,404
<Response [404]>,404
<Response [404]>,404
<Response [404]>,404
<Response [404]>,404
<Response [200]>,200
<Response [404]>,404
<Response [404]>,404
<Response [403]>,403
<Response [200]>,200
<Response [404]>,404
<Response [404]>,404
<Response [404]>,404
<Response [404]>,404
<Response [404]>,404
<Response [404]>,404
<Response [404]>,404
<Response [404]>,404
<Response [404]>,404
<Response [200]>,200
<Response [200]>,200
<Response [404]>,404
<Response [200]>,200
<Response [200]>,200
<Response [404]>,404
<Response [200]>,200
<Response [404]>,404
<Response [500]>,500
<Response [404]>,404
<Response [200]>,200
<Response [404]>,404
<Response [200]>,200
<Response [404]>,404
<Response [500]>,500
<Response [404]>,404
<Response [200]>,200
<Response [404]>,404
<Response [404]>,404
<Response [404]>,404
<Response [404]>,404
<Response [404]>,404
<Response [200]>,200
<Response [404]>,404
<Response [404]>,404
<Response [404]>,404
<Response [404]>,404
<Response [404]>,404
<Response [200]>,200
<Response [200]>,200
<Response [404]>,404
<Response [200]>,200
<Response [404]>,404
<Response [404]>,404
<Response [200]>,200
<Response [404]>,404
<Response [400]>,400
<Response [404]>,404
<Response [200]>,200
<Response [404]>,404
<Response [404]>,404
<Response [200]>,200
<Response [404]>,404
<Response [404]>,404
<Response [200]>,200
<Response [200]>,200
<Response [404]>,404
<Response [404]>,404
<Response [404]>,404
<Response [404]>,404
<Response [404]>,404
<Response [404]>,404
<Response [200]>,200
<Response [404]>,404
<Response [404]>,404
<Response [404]>,404
<Response [404]>,404
<Response [404]>,404
<Response [404]>,404
<Response [404]>,404
<Response [404]>,404
<Response [404]>,404
<Response [404]>,404
<Response [403]>,403
<Response [403]>,403
<Response [404]>,404
<Response [404]>,404
<Response [404]>,404
<Response [200]>,200
<Response [200]>,200
<Response [200]>,200
<Response [404]>,404
<Response [404]>,404
<Response [400]>,400
<Response [200]>,200
<Response [200]>,200
<Response [200]>,200
<Response [404]>,404
<Response [404]>,404
<Response [404]>,404
<Response [200]>,200
<Response [404]>,404
<Response [200]>,200
<Response [404]>,404
<Response [404]>,404
<Response [404]>,404
<Response [404]>,404
<Response [404]>,404
<Response [404]>,404
<Response [404]>,404
<Response [200]>,200
<Response [404]>,404
<Response [200]>,200
<Response [404]>,404
<Response [400]>,400
<Response [404]>,404
<Response [404]>,404
<Response [200]>,200
<Response [200]>,200
<Response [200]>,200
<Response [200]>,200
<Response [404]>,404
<Response [404]>,404
<Response [404]>,404
<Response [404]>,404
<Response [404]>,404
<Response [404]>,404
<Response [404]>,404
<Response [404]>,404
<Response [404]>,404
<Response [200]>,200
<Response [404]>,404
<Response [404]>,404
<Response [404]>,404
<Response [404]>,404
<Response [200]>,200
<Response [404]>,404
<Response [404]>,404
<Response [200]>,200
<Response [200]>,200
<Response [404]>,404
<Response [403]>,403
<Response [200]>,200
<Response [404]>,404
<Response [404]>,404
<Response [404]>,404
<Response [404]>,404
<Response [404]>,404
<Response [200]>,200
<Response [403]>,403
<Response [200]>,200
<Response [200]>,200
<Response [200]>,200
<Response [403]>,403
<Response [404]>,404
<Response [404]>,404
<Response [404]>,404
<Response [200]>,200
<Response [200]>,200
<Response [200]>,200
<Response [200]>,200
<Response [200]>,200
<Response [200]>,200
<Response [200]>,200
<Response [404]>,404
<Response [200]>,200
<Response [200]>,200
<Response [404]>,404
<Response [404]>,404
<Response [404]>,404
<Response [404]>,404
<Response [200]>,200
<Response [200]>,200
<Response [404]>,404
<Response [200]>,200
<Response [200]>,200
<Response [200]>,200
<Response [200]>,200
<Response [404]>,404
<Response [404]>,404
<Response [200]>,200
<Response [404]>,404
<Response [200]>,200
<Response [200]>,200
<Response [404]>,404
<Response [404]>,404
<Response [404]>,404
<Response [404]>,404
<Response [404]>,404
<Response [200]>,200
<Response [404]>,404
<Response [200]>,200
<Response [404]>,404
<Response [403]>,403
<Response [403]>,403
<Response [200]>,200
<Response [404]>,404
<Response [404]>,404
<Response [404]>,404
<Response [400]>,400
<Response [200]>,200
<Response [404]>,404
<Response [404]>,404
<Response [404]>,404
<Response [404]>,404
<Response [404]>,404
<Response [404]>,404
<Response [404]>,404
<Response [404]>,404
<Response [200]>,200
<Response [200]>,200
<Response [404]>,404
<Response [200]>,200
<Response [200]>,200
<Response [200]>,200
<Response [404]>,404
<Response [200]>,200
<Response [404]>,404
<Response [404]>,404
<Response [404]>,404
<Response [200]>,200
<Response [200]>,200
<Response [404]>,404
<Response [404]>,404
<Response [404]>,404
<Response [200]>,200
<Response [404]>,404
<Response [404]>,404
<Response [404]>,404
<Response [200]>,200
<Response [403]>,403
<Response [200]>,200
<Response [404]>,404
<Response [404]>,404
<Response [404]>,404
<Response [404]>,404
<Response [404]>,404
<Response [404]>,404
<Response [404]>,404
<Response [404]>,404
<Response [404]>,404
<Response [404]>,404
<Response [200]>,200
<Response [404]>,404
<Response [200]>,200
<Response [404]>,404
<Response [404]>,404
<Response [404]>,404
<Response [404]>,404
<Response [404]>,404
<Response [200]>,200
<Response [404]>,404
<Response [200]>,200
<Response [200]>,200
<Response [200]>,200
<Response [404]>,404
<Response [400]>,400
<Response [404]>,404
<Response [403]>,403
<Response [404]>,404
<Response [403]>,403
<Response [200]>,200
<Response [404]>,404
<Response [404]>,404
<Response [200]>,200
<Response [404]>,404
<Response [404]>,404
<Response [200]>,200
<Response [200]>,200
<Response [404]>,404
<Response [404]>,404
<Response [404]>,404
<Response [200]>,200
<Response [200]>,200
<Response [200]>,200
<Response [404]>,404
<Response [404]>,404
<Response [404]>,404
<Response [404]>,404
<Response [404]>,404
<Response [200]>,200
<Response [200]>,200
<Response [404]>,404
<Response [404]>,404
<Response [404]>,404
<Response [404]>,404
<Response [200]>,200
<Response [200]>,200
<Response [404]>,404
<Response [404]>,404
<Response [500]>,500
<Response [500]>,500
<Response [200]>,200
<Response [404]>,404
<Response [404]>,404
<Response [404]>,404
<Response [404]>,404
<Response [404]>,404
<Response [200]>,200
<Response [200]>,200
<Response [404]>,404
<Response [404]>,404
<Response [404]>,404
<Response [200]>,200
<Response [404]>,404
<Response [404]>,404
<Response [404]>,404
<Response [404]>,404
<Response [404]>,404
<Response [404]>,404
<Response [404]>,404
<Response [404]>,404
<Response [200]>,200
<Response [200]>,200
<Response [200]>,200
<Response [404]>,404
<Response [404]>,404
<Response [404]>,404
<Response [404]>,404
<Response [200]>,200
<Response [404]>,404
<Response [404]>,404
<Response [404]>,404
<Response [404]>,404
<Response [400]>,400
<Response [400]>,400
<Response [200]>,200
<Response [404]>,404
<Response [404]>,404
<Response [404]>,404
<Response [200]>,200
<Response [200]>,200
<Response [200]>,200
<Response [404]>,404
<Response [200]>,200
<Response [200]>,200
<Response [404]>,404
<Response [200]>,200
<Response [200]>,200
<Response [200]>,200
<Response [200]>,200
<Response [404]>,404
<Response [404]>,404
<Response [404]>,404
<Response [404]>,404
<Response [200]>,200
<Response [404]>,404
<Response [400]>,400
<Response [404]>,404
<Response [200]>,200
<Response [404]>,404
<Response [200]>,200
<Response [404]>,404
<Response [404]>,404
<Response [404]>,404
<Response [404]>,404
<Response [200]>,200
<Response [403]>,403
<Response [200]>,200
<Response [200]>,200
<Response [200]>,200
<Response [200]>,200
<Response [200]>,200
<Response [404]>,404
<Response [200]>,200
<Response [404]>,404
<Response [400]>,400
<Response [200]>,200
<Response [200]>,200
<Response [200]>,200
<Response [200]>,200
<Response [404]>,404
<Response [404]>,404
<Response [404]>,404
<Response [404]>,404
<Response [403]>,403
<Response [200]>,200
<Response [404]>,404
<Response [200]>,200
<Response [404]>,404
<Response [200]>,200
<Response [404]>,404
<Response [403]>,403
<Response [404]>,404
<Response [404]>,404
<Response [200]>,200
<Response [404]>,404
<Response [404]>,404
<Response [404]>,404
<Response [404]>,404
<Response [404]>,404
<Response [200]>,200
<Response [200]>,200
<Response [404]>,404
<Response [404]>,404
<Response [404]>,404
<Response [200]>,200
<Response [200]>,200
<Response [404]>,404
<Response [200]>,200
<Response [200]>,200
<Response [404]>,404
<Response [200]>,200
<Response [404]>,404
<Response [404]>,404
<Response [404]>,404
<Response [200]>,200
<Response [200]>,200
<Response [404]>,404
<Response [404]>,404
<Response [404]>,404
<Response [200]>,200
<Response [404]>,404
<Response [200]>,200
<Response [403]>,403
<Response [404]>,404
<Response [404]>,404
<Response [404]>,404
<Response [404]>,404
<Response [404]>,404
<Response [404]>,404
<Response [404]>,404
<Response [404]>,404
<Response [404]>,404
<Response [404]>,404
<Response [200]>,200
<Response [404]>,404
<Response [404]>,404
<Response [404]>,404
<Response [200]>,200
<Response [404]>,404
<Response [404]>,404
<Response [404]>,404
<Response [404]>,404
<Response [404]>,404
<Response [200]>,200
<Response [200]>,200
<Response [404]>,404
<Response [200]>,200
<Response [404]>,404
<Response [200]>,200
<Response [404]>,404
<Response [404]>,404
<Response [200]>,200
<Response [404]>,404
<Response [404]>,404
<Response [200]>,200
<Response [404]>,404
<Response [404]>,404
<Response [403]>,403
<Response [400]>,400
<Response [200]>,200
<Response [404]>,404
<Response [400]>,400
<Response [404]>,404
<Response [404]>,404
<Response [404]>,404
<Response [200]>,200
<Response [404]>,404
<Response [404]>,404
<Response [404]>,404
<Response [200]>,200
<Response [200]>,200
<Response [404]>,404
<Response [403]>,403
<Response [404]>,404
<Response [404]>,404
<Response [404]>,404
<Response [200]>,200
<Response [200]>,200
<Response [404]>,404
<Response [404]>,404
<Response [200]>,200
<Response [200]>,200
<Response [404]>,404
<Response [404]>,404
<Response [200]>,200
<Response [200]>,200
<Response [200]>,200
<Response [404]>,404
<Response [404]>,404
<Response [200]>,200
<Response [200]>,200
<Response [200]>,200
<Response [500]>,500
<Response [200]>,200
<Response [404]>,404
<Response [200]>,200
<Response [200]>,200
<Response [404]>,404
<Response [404]>,404
<Response [200]>,200
<Response [200]>,200
<Response [200]>,200
<Response [200]>,200
<Response [404]>,404
<Response [200]>,200
<Response [200]>,200
<Response [200]>,200
<Response [404]>,404
<Response [404]>,404
<Response [404]>,404
<Response [200]>,200
<Response [200]>,200
<Response [404]>,404
<Response [404]>,404
<Response [404]>,404
<Response [404]>,404
<Response [404]>,404
<Response [404]>,404
<Response [404]>,404
<Response [200]>,200
<Response [404]>,404
<Response [404]>,404
<Response [404]>,404
<Response [200]>,200
<Response [404]>,404
<Response [404]>,404
<Response [404]>,404
<Response [200]>,200
<Response [404]>,404
<Response [404]>,404
<Response [404]>,404
<Response [404]>,404
<Response [200]>,200
<Response [200]>,200
<Response [404]>,404
<Response [404]>,404
<Response [404]>,404
<Response [404]>,404
<Response [404]>,404
<Response [404]>,404
<Response [404]>,404
<Response [404]>,404
<Response [404]>,404
<Response [200]>,200
<Response [200]>,200
<Response [200]>,200
<Response [404]>,404
<Response [200]>,200
<Response [404]>,404
<Response [404]>,404
<Response [200]>,200
<Response [200]>,200
<Response [200]>,200
<Response [404]>,404
<Response [404]>,404
<Response [404]>,404
<Response [404]>,404
<Response [404]>,404
<Response [404]>,404
<Response [200]>,200
<Response [200]>,200
<Response [404]>,404
<Response [200]>,200
<Response [404]>,404
<Response [404]>,404
<Response [404]>,404
<Response [404]>,404
<Response [404]>,404
<Response [200]>,200
<Response [200]>,200
<Response [404]>,404
<Response [200]>,200
<Response [404]>,404
<Response [404]>,404
<Response [200]>,200
<Response [404]>,404
<Response [200]>,200
<Response [200]>,200
<Response [404]>,404
<Response [404]>,404
<Response [200]>,200
<Response [404]>,404
<Response [404]>,404
<Response [200]>,200
<Response [404]>,404
<Response [404]>,404
<Response [200]>,200
<Response [200]>,200
<Response [404]>,404
<Response [404]>,404
<Response [404]>,404
<Response [404]>,404
<Response [404]>,404
<Response [404]>,404
<Response [404]>,404
<Response [200]>,200
<Response [404]>,404
<Response [404]>,404
<Response [404]>,404
<Response [404]>,404
<Response [404]>,404
<Response [200]>,200
<Response [200]>,200
<Response [200]>,200
<Response [404]>,404
<Response [403]>,403
<Response [404]>,404
<Response [404]>,404
<Response [404]>,404
<Response [404]>,404
<Response [200]>,200
<Response [404]>,404
<Response [404]>,404
<Response [404]>,404
<Response [404]>,404
<Response [404]>,404
<Response [404]>,404
<Response [404]>,404
<Response [404]>,404
<Response [404]>,404
<Response [404]>,404
<Response [404]>,404
<Response [404]>,404
<Response [404]>,404
<Response [404]>,404
<Response [404]>,404
<Response [404]>,404
<Response [200]>,200
<Response [404]>,404
<Response [404]>,404
<Response [403]>,403
<Response [404]>,404
<Response [404]>,404
<Response [404]>,404
<Response [200]>,200
<Response [404]>,404
<Response [200]>,200
<Response [200]>,200
<Response [200]>,200
<Response [404]>,404
<Response [404]>,404
<Response [404]>,404
<Response [404]>,404
<Response [200]>,200
<Response [200]>,200
<Response [200]>,200
<Response [400]>,400
<Response [404]>,404
<Response [404]>,404
<Response [200]>,200
<Response [200]>,200
<Response [404]>,404
<Response [403]>,403
<Response [200]>,200
<Response [404]>,404
<Response [400]>,400
<Response [400]>,400
<Response [200]>,200
<Response [200]>,200
<Response [200]>,200
<Response [404]>,404
<Response [200]>,200
<Response [404]>,404
<Response [404]>,404
<Response [403]>,403
<Response [200]>,200
<Response [404]>,404
<Response [404]>,404
<Response [200]>,200
<Response [404]>,404
<Response [404]>,404
<Response [200]>,200
<Response [200]>,200
<Response [404]>,404
<Response [200]>,200
<Response [200]>,200
<Response [404]>,404
<Response [404]>,404
<Response [404]>,404
<Response [404]>,404
<Response [404]>,404
<Response [404]>,404
<Response [404]>,404
<Response [200]>,200
<Response [404]>,404
<Response [404]>,404
<Response [404]>,404
<Response [200]>,200
<Response [404]>,404
<Response [404]>,404
<Response [403]>,403
<Response [200]>,200
<Response [404]>,404
<Response [200]>,200
<Response [200]>,200
<Response [200]>,200
<Response [404]>,404
<Response [500]>,500
<Response [404]>,404
<Response [200]>,200
<Response [200]>,200
<Response [200]>,200
<Response [200]>,200
<Response [404]>,404
<Response [404]>,404
<Response [200]>,200
<Response [404]>,404
<Response [404]>,404
<Response [404]>,404
<Response [200]>,200
<Response [404]>,404
<Response [200]>,200
<Response [200]>,200
<Response [404]>,404
<Response [404]>,404
<Response [404]>,404
<Response [404]>,404
<Response [404]>,404
<Response [200]>,200
<Response [200]>,200
<Response [404]>,404
<Response [404]>,404
<Response [200]>,200
<Response [404]>,404
<Response [404]>,404
<Response [500]>,500
<Response [404]>,404
<Response [404]>,404
<Response [404]>,404
<Response [404]>,404
<Response [404]>,404
<Response [200]>,200
<Response [404]>,404
<Response [404]>,404
<Response [200]>,200
<Response [404]>,404
<Response [200]>,200
<Response [404]>,404
<Response [404]>,404
<Response [404]>,404
<Response [200]>,200
<Response [200]>,200
<Response [200]>,200
<Response [200]>,200
<Response [200]>,200
